test,nBasicBlocks,nConditionalJMPs,nInsts,nFPInsts,nIntInsts,nLoads,nStores,ratioFloatIntInsts,intrinsicFunctions,functions,target-size
2mm,92.0,23.0,604.0,13.0,44.0,180.0,97.0,0.295,1.0,22.0,10028
3mm,104.0,26.0,681.0,12.0,50.0,203.0,106.0,0.24,1.0,22.0,10432
adi,72.0,18.0,744.0,49.0,62.0,245.0,88.0,0.79,1.0,22.0,10400
atax,60.0,15.0,399.0,10.0,21.0,119.0,63.0,0.476,1.0,22.0,8948
bicg,62.0,16.0,447.0,10.0,24.0,137.0,68.0,0.417,1.0,22.0,9256
cholesky,92.0,23.0,549.0,14.0,31.0,172.0,73.0,0.452,1.0,23.0,9812
correlation,83.0,21.0,605.0,21.0,37.0,196.0,85.0,0.568,1.0,23.0,10192
covariance,72.0,18.0,466.0,13.0,27.0,142.0,71.0,0.481,1.0,22.0,9236
deriche,92.0,23.0,767.0,60.0,56.0,242.0,124.0,1.071,1.0,24.0,11184
doitgen,80.0,20.0,476.0,8.0,32.0,140.0,74.0,0.25,1.0,22.0,9296
durbin,52.0,13.0,353.0,15.0,22.0,107.0,55.0,0.682,1.0,22.0,8660
fdtd-2d,100.0,26.0,689.0,19.0,52.0,217.0,90.0,0.365,1.0,22.0,10432
floyd-warshall,63.0,18.0,371.0,5.0,27.0,111.0,47.0,0.185,0.0,21.0,8528
gemm,76.0,19.0,477.0,11.0,35.0,139.0,78.0,0.314,1.0,22.0,9340
gemver,68.0,17.0,611.0,23.0,38.0,192.0,94.0,0.605,1.0,22.0,10080
gesummv,48.0,12.0,422.0,12.0,23.0,132.0,64.0,0.522,1.0,22.0,9064
gramschmidt,86.0,22.0,575.0,13.0,31.0,181.0,80.0,0.419,1.0,23.0,10112
heat-3d,80.0,20.0,675.0,27.0,58.0,215.0,65.0,0.466,1.0,22.0,10056
jacobi-1d,48.0,12.0,328.0,15.0,28.0,95.0,49.0,0.536,0.0,21.0,8460
jacobi-2d,64.0,16.0,460.0,19.0,44.0,138.0,57.0,0.432,1.0,22.0,9140
lu,96.0,24.0,544.0,13.0,32.0,169.0,74.0,0.406,1.0,22.0,9492
ludcmp,112.0,28.0,729.0,21.0,41.0,235.0,104.0,0.512,1.0,22.0,10436
mvt,62.0,16.0,460.0,12.0,30.0,142.0,66.0,0.4,1.0,22.0,9268
nussinov,85.0,25.0,635.0,5.0,46.0,207.0,58.0,0.109,0.0,21.0,9592
seidel-2d,56.0,14.0,394.0,16.0,42.0,116.0,48.0,0.381,1.0,22.0,8780
symm,68.0,17.0,503.0,15.0,33.0,156.0,74.0,0.455,1.0,22.0,9424
syr2k,68.0,17.0,464.0,14.0,36.0,139.0,70.0,0.389,1.0,22.0,9208
syrk,68.0,17.0,413.0,10.0,29.0,120.0,66.0,0.345,1.0,22.0,8984
trisolv,48.0,12.0,344.0,10.0,18.0,103.0,52.0,0.556,1.0,22.0,8624
trmm,60.0,15.0,401.0,9.0,26.0,120.0,61.0,0.346,1.0,22.0,8904
AJSKirk_2020_1,26.0,7.0,196.0,0.0,14.0,61.0,29.0,0.0,0.0,7.0,4332
AJSKirk_2020_10,23.0,7.0,193.0,0.0,16.0,52.0,29.0,0.0,3.0,11.0,5212
AJSKirk_2020_11,93.0,32.0,534.0,0.0,38.0,141.0,77.0,0.0,3.0,10.0,6096
AJSKirk_2020_12,21.0,3.0,122.0,0.0,15.0,32.0,27.0,0.0,1.0,6.0,4432
AJSKirk_2020_13,21.0,7.0,211.0,0.0,13.0,60.0,24.0,0.0,1.0,9.0,5608
AJSKirk_2020_16,74.0,22.0,436.0,0.0,29.0,107.0,59.0,0.0,0.0,13.0,8024
AJSKirk_2020_17,95.0,29.0,470.0,0.0,29.0,117.0,63.0,0.0,1.0,8.0,5528
AJSKirk_2020_18,20.0,1.0,324.0,0.0,6.0,67.0,61.0,0.0,1.0,7.0,5392
AJSKirk_2020_19,72.0,21.0,616.0,0.0,34.0,176.0,83.0,0.0,0.0,13.0,8356
AJSKirk_2020_2,27.0,9.0,172.0,2.0,10.0,40.0,31.0,0.2,0.0,7.0,4824
AJSKirk_2020_20,214.0,69.0,1634.0,2.0,105.0,418.0,204.0,0.019,3.0,27.0,15456
AJSKirk_2020_24,99.0,27.0,526.0,0.0,55.0,134.0,69.0,0.0,2.0,11.0,6844
AJSKirk_2020_25,17.0,4.0,106.0,0.0,8.0,23.0,20.0,0.0,0.0,5.0,3480
AJSKirk_2020_3,18.0,6.0,118.0,0.0,8.0,27.0,17.0,0.0,2.0,6.0,4320
AJSKirk_2020_4,24.0,7.0,177.0,0.0,7.0,27.0,40.0,0.0,0.0,10.0,6336
AJSKirk_2020_5,26.0,11.0,158.0,1.0,11.0,38.0,20.0,0.091,1.0,6.0,4240
AJSKirk_2020_6,16.0,5.0,125.0,0.0,12.0,29.0,27.0,0.0,0.0,6.0,4104
AJSKirk_2020_8,67.0,24.0,399.0,0.0,20.0,100.0,44.0,0.0,1.0,13.0,6820
AJSKirk_2020_9,32.0,10.0,274.0,0.0,17.0,74.0,39.0,0.0,1.0,12.0,6184
antirez_2022_10,24.0,7.0,119.0,0.0,14.0,25.0,16.0,0.0,0.0,8.0,5340
antirez_2022_11a,97.0,29.0,504.0,0.0,24.0,126.0,61.0,0.0,0.0,21.0,10736
antirez_2022_11b,101.0,30.0,521.0,0.0,26.0,134.0,65.0,0.0,0.0,21.0,10856
antirez_2022_12,88.0,31.0,686.0,0.0,36.0,236.0,83.0,0.0,3.0,20.0,9920
antirez_2022_13,122.0,43.0,755.0,0.0,29.0,219.0,96.0,0.0,0.0,24.0,11604
antirez_2022_14,135.0,53.0,792.0,0.0,36.0,254.0,115.0,0.0,1.0,28.0,11752
antirez_2022_15,73.0,31.0,490.0,0.0,23.0,169.0,60.0,0.0,1.0,14.0,8088
antirez_2022_1a,9.0,4.0,41.0,0.0,1.0,8.0,6.0,0.0,0.0,4.0,3408
antirez_2022_1b,18.0,6.0,103.0,0.0,7.0,27.0,13.0,0.0,1.0,6.0,3912
antirez_2022_2a,7.0,2.0,67.0,0.0,5.0,14.0,10.0,0.0,1.0,9.0,4200
antirez_2022_2b,8.0,2.0,85.0,0.0,9.0,19.0,14.0,0.0,1.0,10.0,4380
antirez_2022_3a,26.0,10.0,128.0,0.0,11.0,30.0,12.0,0.0,1.0,10.0,5200
antirez_2022_3b,21.0,8.0,126.0,0.0,13.0,28.0,15.0,0.0,1.0,10.0,4928
antirez_2022_4a,29.0,11.0,186.0,0.0,6.0,44.0,28.0,0.0,1.0,15.0,5636
antirez_2022_4b,28.0,10.0,178.0,0.0,6.0,41.0,28.0,0.0,1.0,15.0,5592
antirez_2022_6,13.0,6.0,83.0,0.0,8.0,19.0,14.0,0.0,1.0,4.0,3324
antirez_2022_7,73.0,28.0,461.0,0.0,17.0,144.0,64.0,0.0,0.0,19.0,8464
antirez_2022_8,86.0,28.0,609.0,0.0,33.0,197.0,88.0,0.0,2.0,24.0,9984
antirez_2022_9,94.0,33.0,636.0,0.0,35.0,212.0,89.0,0.0,1.0,20.0,9360
janiorca_2023_1,25.0,8.0,173.0,0.0,12.0,43.0,25.0,0.0,2.0,11.0,5820
janiorca_2023_11,39.0,11.0,278.0,0.0,19.0,71.0,38.0,0.0,2.0,9.0,5264
janiorca_2023_13,58.0,21.0,279.0,0.0,23.0,74.0,41.0,0.0,0.0,7.0,5056
janiorca_2023_14,112.0,34.0,616.0,0.0,39.0,168.0,88.0,0.0,1.0,14.0,7160
janiorca_2023_15,53.0,15.0,337.0,0.0,15.0,88.0,57.0,0.0,0.0,14.0,6372
janiorca_2023_17,69.0,28.0,502.0,0.0,26.0,131.0,58.0,0.0,2.0,8.0,6576
janiorca_2023_2,24.0,8.0,144.0,0.0,5.0,35.0,17.0,0.0,2.0,12.0,5696
janiorca_2023_6,6.0,1.0,109.0,28.0,18.0,32.0,17.0,1.556,3.0,7.0,4212
janiorca_2023_8,38.0,13.0,282.0,0.0,14.0,64.0,38.0,0.0,2.0,11.0,5800
janiorca_2023_9,27.0,8.0,180.0,0.0,22.0,46.0,27.0,0.0,1.0,6.0,4412
krokerik_2016_1,40.0,11.0,235.0,0.0,14.0,57.0,34.0,0.0,1.0,16.0,7788
krokerik_2016_10,92.0,35.0,568.0,0.0,3.0,174.0,85.0,0.0,0.0,17.0,9756
krokerik_2016_11,100.0,33.0,493.0,0.0,29.0,139.0,74.0,0.0,0.0,18.0,9148
krokerik_2016_12,88.0,29.0,491.0,0.0,19.0,139.0,58.0,0.0,1.0,17.0,9040
krokerik_2016_13,68.0,27.0,454.0,0.0,24.0,148.0,66.0,0.0,1.0,14.0,7620
krokerik_2016_15,30.0,9.0,278.0,0.0,13.0,84.0,53.0,0.0,0.0,15.0,7164
krokerik_2016_16,36.0,11.0,259.0,0.0,20.0,72.0,34.0,0.0,0.0,13.0,6528
krokerik_2016_2,82.0,20.0,383.0,0.0,20.0,85.0,58.0,0.0,0.0,19.0,7388
krokerik_2016_3,36.0,10.0,238.0,0.0,13.0,66.0,38.0,0.0,0.0,15.0,6820
krokerik_2016_4,79.0,24.0,461.0,0.0,29.0,127.0,67.0,0.0,0.0,17.0,8196
krokerik_2016_6,43.0,12.0,320.0,0.0,17.0,103.0,40.0,0.0,0.0,11.0,6364
krokerik_2016_7,55.0,18.0,363.0,0.0,17.0,95.0,47.0,0.0,1.0,14.0,7400
krokerik_2016_8,83.0,22.0,441.0,0.0,15.0,108.0,74.0,0.0,0.0,19.0,8668
krokerik_2016_9,39.0,11.0,267.0,2.0,23.0,74.0,36.0,0.087,0.0,15.0,7132
krokerik_2017_1,28.0,11.0,170.0,0.0,11.0,50.0,24.0,0.0,0.0,12.0,5480
krokerik_2017_10,48.0,15.0,364.0,0.0,36.0,111.0,60.0,0.0,0.0,14.0,7264
krokerik_2017_11,66.0,28.0,346.0,0.0,26.0,106.0,46.0,0.0,0.0,13.0,7516
krokerik_2017_12,40.0,12.0,306.0,0.0,18.0,93.0,48.0,0.0,0.0,17.0,7904
krokerik_2017_2,33.0,11.0,198.0,0.0,10.0,59.0,34.0,0.0,0.0,14.0,6760
krokerik_2017_3,89.0,31.0,617.0,44.0,55.0,160.0,89.0,0.8,2.0,19.0,9340
krokerik_2017_4,50.0,15.0,325.0,0.0,21.0,90.0,47.0,0.0,1.0,19.0,8100
krokerik_2017_5,21.0,7.0,168.0,0.0,12.0,45.0,27.0,0.0,1.0,15.0,6688
krokerik_2017_6,87.0,28.0,506.0,0.0,26.0,151.0,75.0,0.0,1.0,17.0,8556
krokerik_2017_7,108.0,36.0,791.0,0.0,35.0,251.0,100.0,0.0,1.0,22.0,10704
krokerik_2017_8,81.0,27.0,398.0,0.0,10.0,113.0,59.0,0.0,0.0,20.0,9140
krokerik_2017_9,27.0,6.0,169.0,0.0,13.0,54.0,27.0,0.0,0.0,11.0,5596
krokerik_2018_1,26.0,10.0,169.0,0.0,14.0,47.0,26.0,0.0,0.0,12.0,6436
krokerik_2018_10,62.0,23.0,544.0,0.0,30.0,172.0,78.0,0.0,4.0,19.0,9032
krokerik_2018_11,62.0,24.0,417.0,0.0,52.0,121.0,58.0,0.0,1.0,12.0,7000
krokerik_2018_12,97.0,35.0,630.0,0.0,28.0,192.0,99.0,0.0,2.0,17.0,9016
krokerik_2018_13,160.0,56.0,1114.0,0.0,34.0,356.0,118.0,0.0,1.0,16.0,10776
krokerik_2018_14,46.0,14.0,470.0,0.0,51.0,141.0,75.0,0.0,3.0,19.0,8668
krokerik_2018_15,265.0,106.0,2454.0,0.0,121.0,825.0,284.0,0.0,1.0,26.0,19128
krokerik_2018_16,97.0,27.0,780.0,0.0,27.0,207.0,144.0,0.0,2.0,33.0,10384
krokerik_2018_2,55.0,18.0,335.0,0.0,20.0,96.0,44.0,0.0,1.0,16.0,7680
krokerik_2018_3,63.0,21.0,462.0,0.0,28.0,127.0,65.0,0.0,4.0,21.0,8728
krokerik_2018_4,41.0,14.0,327.0,0.0,18.0,98.0,45.0,0.0,2.0,19.0,8180
krokerik_2018_5,40.0,12.0,287.0,0.0,14.0,80.0,37.0,0.0,1.0,26.0,8684
krokerik_2018_6,45.0,19.0,295.0,0.0,17.0,87.0,48.0,0.0,1.0,16.0,7736
krokerik_2018_7,87.0,28.0,778.0,0.0,48.0,248.0,111.0,0.0,4.0,22.0,10452
krokerik_2018_8,45.0,14.0,323.0,0.0,21.0,107.0,53.0,0.0,2.0,17.0,7464
krokerik_2018_9,35.0,12.0,272.0,0.0,8.0,88.0,48.0,0.0,3.0,16.0,7044
krokerik_2020_1,42.0,17.0,239.0,0.0,21.0,78.0,24.0,0.0,0.0,12.0,6656
krokerik_2020_10,32.0,13.0,270.0,0.0,20.0,90.0,40.0,0.0,1.0,13.0,6568
krokerik_2020_11,102.0,40.0,754.0,0.0,42.0,262.0,87.0,0.0,1.0,18.0,9852
krokerik_2020_12,38.0,6.0,384.0,0.0,32.0,121.0,51.0,0.0,1.0,16.0,8160
krokerik_2020_2,16.0,5.0,171.0,0.0,9.0,41.0,23.0,0.0,0.0,14.0,6316
krokerik_2020_3,17.0,5.0,172.0,0.0,14.0,48.0,22.0,0.0,2.0,15.0,6924
krokerik_2020_4,133.0,63.0,642.0,0.0,18.0,145.0,67.0,0.0,2.0,27.0,10912
krokerik_2020_5,26.0,8.0,210.0,0.0,26.0,60.0,26.0,0.0,2.0,13.0,6776
krokerik_2020_6,21.0,6.0,149.0,0.0,10.0,38.0,23.0,0.0,1.0,11.0,5428
krokerik_2020_7,53.0,17.0,502.0,0.0,21.0,170.0,69.0,0.0,0.0,21.0,9556
krokerik_2020_8,36.0,9.0,233.0,0.0,9.0,61.0,35.0,0.0,1.0,16.0,7516
krokerik_2020_9,48.0,17.0,271.0,0.0,18.0,80.0,35.0,0.0,0.0,13.0,6448
marvinborner_2020_10,39.0,14.0,247.0,1.0,20.0,69.0,38.0,0.05,1.0,13.0,6068
marvinborner_2020_11,200.0,98.0,1026.0,1.0,112.0,281.0,89.0,0.009,2.0,14.0,9284
marvinborner_2020_12,49.0,9.0,351.0,1.0,33.0,102.0,53.0,0.03,2.0,16.0,6956
marvinborner_2020_13,49.0,17.0,280.0,7.0,20.0,71.0,36.0,0.35,2.0,13.0,6080
marvinborner_2020_16,73.0,30.0,408.0,1.0,20.0,99.0,58.0,0.05,2.0,11.0,6892
marvinborner_2020_17,144.0,49.0,726.0,1.0,51.0,183.0,85.0,0.02,1.0,11.0,7768
marvinborner_2020_18,48.0,16.0,233.0,1.0,10.0,60.0,36.0,0.1,0.0,13.0,5920
marvinborner_2020_19,80.0,38.0,429.0,1.0,9.0,96.0,46.0,0.111,1.0,15.0,8492
marvinborner_2020_2,25.0,11.0,165.0,1.0,7.0,38.0,23.0,0.143,0.0,11.0,5240
marvinborner_2020_20,119.0,42.0,721.0,1.0,40.0,207.0,86.0,0.025,2.0,18.0,9604
marvinborner_2020_22,93.0,32.0,734.0,1.0,65.0,214.0,111.0,0.015,2.0,17.0,9396
marvinborner_2020_23,30.0,10.0,265.0,0.0,14.0,95.0,30.0,0.0,1.0,7.0,5260
marvinborner_2020_25,14.0,4.0,94.0,1.0,9.0,19.0,17.0,0.111,0.0,10.0,4812
marvinborner_2020_3,22.0,8.0,158.0,1.0,16.0,33.0,30.0,0.062,1.0,11.0,5372
marvinborner_2020_4,110.0,52.0,433.0,3.0,16.0,70.0,40.0,0.188,2.0,15.0,8648
marvinborner_2020_5,55.0,21.0,312.0,1.0,25.0,81.0,43.0,0.04,0.0,13.0,6236
marvinborner_2021_1,23.0,10.0,141.0,1.0,6.0,35.0,28.0,0.167,0.0,12.0,5676
marvinborner_2021_10,119.0,51.0,536.0,1.0,7.0,160.0,42.0,0.143,1.0,15.0,7864
marvinborner_2021_11,178.0,81.0,1068.0,1.0,236.0,296.0,87.0,0.004,0.0,16.0,10044
marvinborner_2021_14,47.0,16.0,325.0,1.0,38.0,82.0,37.0,0.026,2.0,12.0,6616
marvinborner_2021_15,67.0,32.0,797.0,1.0,116.0,269.0,53.0,0.009,2.0,20.0,9376
marvinborner_2021_17,32.0,12.0,216.0,1.0,14.0,47.0,26.0,0.071,2.0,11.0,5648
marvinborner_2021_2,31.0,11.0,169.0,1.0,12.0,36.0,24.0,0.083,1.0,14.0,6332
marvinborner_2021_20,40.0,12.0,370.0,1.0,91.0,91.0,32.0,0.011,1.0,13.0,6504
marvinborner_2021_21,44.0,14.0,330.0,1.0,43.0,84.0,51.0,0.023,2.0,13.0,6508
marvinborner_2021_22,95.0,30.0,590.0,1.0,46.0,150.0,66.0,0.022,2.0,14.0,8224
marvinborner_2021_24,19.0,7.0,194.0,1.0,13.0,39.0,30.0,0.077,2.0,13.0,6384
marvinborner_2021_25,48.0,16.0,304.0,1.0,18.0,69.0,36.0,0.056,2.0,14.0,6656
marvinborner_2021_3,42.0,14.0,274.0,1.0,43.0,67.0,37.0,0.023,1.0,13.0,6376
marvinborner_2021_4,85.0,28.0,382.0,1.0,23.0,87.0,58.0,0.043,1.0,10.0,6336
marvinborner_2021_5,49.0,16.0,272.0,1.0,27.0,81.0,34.0,0.037,0.0,11.0,6300
marvinborner_2021_6,24.0,7.0,167.0,1.0,10.0,43.0,26.0,0.1,1.0,10.0,5268
marvinborner_2021_7,31.0,11.0,187.0,1.0,18.0,52.0,25.0,0.056,1.0,9.0,5200
marvinborner_2021_8,173.0,68.0,891.0,1.0,38.0,223.0,101.0,0.026,1.0,14.0,9432
sjmulder_2015_1,11.0,4.0,44.0,0.0,2.0,8.0,8.0,0.0,0.0,3.0,2984
sjmulder_2015_10,24.0,8.0,146.0,0.0,10.0,35.0,21.0,0.0,0.0,6.0,4968
sjmulder_2015_11,32.0,15.0,211.0,0.0,18.0,65.0,16.0,0.0,1.0,6.0,4572
sjmulder_2015_12a,7.0,2.0,49.0,0.0,6.0,10.0,10.0,0.0,0.0,4.0,3336
sjmulder_2015_12b,34.0,12.0,130.0,0.0,8.0,28.0,19.0,0.0,0.0,5.0,3900
sjmulder_2015_13,50.0,14.0,249.0,0.0,20.0,62.0,31.0,0.0,0.0,10.0,5524
sjmulder_2015_13_noname,52.0,16.0,240.0,0.0,19.0,60.0,32.0,0.0,1.0,8.0,5296
sjmulder_2015_14,32.0,11.0,190.0,0.0,9.0,52.0,22.0,0.0,0.0,5.0,4548
sjmulder_2015_14a,13.0,5.0,70.0,0.0,6.0,20.0,12.0,0.0,0.0,4.0,3560
sjmulder_2015_15,34.0,11.0,167.0,0.0,11.0,46.0,19.0,0.0,1.0,6.0,4552
sjmulder_2015_16,70.0,49.0,260.0,0.0,3.0,38.0,19.0,0.0,0.0,8.0,6780
sjmulder_2015_17,19.0,7.0,94.0,0.0,8.0,28.0,13.0,0.0,0.0,5.0,3976
sjmulder_2015_18,59.0,20.0,255.0,0.0,15.0,55.0,34.0,0.0,2.0,8.0,5124
sjmulder_2015_19,32.0,11.0,133.0,0.0,7.0,28.0,16.0,0.0,0.0,10.0,5372
sjmulder_2015_2,22.0,7.0,134.0,0.0,40.0,46.0,5.0,0.0,0.0,3.0,3388
sjmulder_2015_3a,21.0,9.0,85.0,0.0,6.0,19.0,12.0,0.0,0.0,4.0,3588
sjmulder_2015_3b,21.0,9.0,122.0,0.0,7.0,28.0,16.0,0.0,0.0,4.0,3776
sjmulder_2015_5a,20.0,9.0,120.0,0.0,11.0,28.0,15.0,0.0,0.0,4.0,3932
sjmulder_2015_5b,18.0,7.0,104.0,0.0,11.0,25.0,14.0,0.0,0.0,4.0,3712
sjmulder_2015_6a,32.0,8.0,140.0,0.0,7.0,27.0,16.0,0.0,0.0,5.0,4772
sjmulder_2015_6b,35.0,9.0,161.0,0.0,10.0,32.0,16.0,0.0,0.0,5.0,4836
sjmulder_2015_8,25.0,9.0,122.0,0.0,11.0,30.0,18.0,0.0,0.0,5.0,3812
sjmulder_2015_9,30.0,10.0,158.0,0.0,8.0,40.0,21.0,0.0,0.0,8.0,4960
sjmulder_2017_10a,12.0,3.0,88.0,0.0,13.0,24.0,15.0,0.0,0.0,3.0,3232
sjmulder_2017_10b,48.0,13.0,292.0,0.0,21.0,82.0,40.0,0.0,1.0,16.0,6224
sjmulder_2017_11a,26.0,5.0,115.0,0.0,10.0,28.0,18.0,0.0,0.0,6.0,4016
sjmulder_2017_11b,32.0,7.0,135.0,0.0,14.0,30.0,18.0,0.0,0.0,6.0,4088
sjmulder_2017_12a,43.0,17.0,247.0,0.0,11.0,70.0,34.0,0.0,0.0,11.0,6500
sjmulder_2017_12b,51.0,18.0,292.0,0.0,17.0,84.0,38.0,0.0,0.0,9.0,6284
sjmulder_2017_13a,9.0,3.0,33.0,0.0,5.0,6.0,3.0,0.0,0.0,3.0,2976
sjmulder_2017_13b,20.0,6.0,77.0,0.0,7.0,18.0,9.0,0.0,0.0,4.0,3452
sjmulder_2017_15a,5.0,1.0,44.0,0.0,8.0,10.0,11.0,0.0,0.0,2.0,2936
sjmulder_2017_15b,11.0,3.0,56.0,0.0,10.0,12.0,11.0,0.0,0.0,2.0,2996
sjmulder_2017_1a,11.0,5.0,57.0,0.0,5.0,15.0,9.0,0.0,0.0,4.0,3380
sjmulder_2017_1b,10.0,3.0,65.0,0.0,7.0,17.0,9.0,0.0,0.0,4.0,3412
sjmulder_2017_20a,23.0,7.0,247.0,0.0,7.0,62.0,19.0,0.0,1.0,11.0,5984
sjmulder_2017_2a,11.0,4.0,58.0,0.0,2.0,14.0,12.0,0.0,0.0,6.0,4432
sjmulder_2017_2b,25.0,9.0,132.0,0.0,9.0,34.0,17.0,0.0,0.0,6.0,4752
sjmulder_2017_3a,19.0,6.0,147.0,0.0,34.0,40.0,29.0,0.0,0.0,5.0,4252
sjmulder_2017_3b,19.0,4.0,194.0,0.0,30.0,53.0,19.0,0.0,1.0,6.0,4324
sjmulder_2017_4a,19.0,6.0,83.0,0.0,5.0,20.0,13.0,0.0,0.0,6.0,4560
sjmulder_2017_4b,20.0,6.0,103.0,0.0,6.0,28.0,15.0,0.0,0.0,9.0,5100
sjmulder_2017_8,42.0,11.0,180.0,0.0,3.0,59.0,22.0,0.0,0.0,6.0,4548
sjmulder_2017_9,17.0,2.0,49.0,0.0,6.0,8.0,5.0,0.0,0.0,6.0,3552
sjmulder_2021_1,5.0,1.0,67.0,0.0,12.0,16.0,7.0,0.0,1.0,4.0,3256
sjmulder_2021_10,42.0,13.0,204.0,0.0,22.0,50.0,27.0,0.0,0.0,5.0,4304
sjmulder_2021_11,60.0,22.0,244.0,0.0,17.0,63.0,30.0,0.0,0.0,5.0,4708
sjmulder_2021_11_mp4,95.0,31.0,449.0,0.0,38.0,96.0,62.0,0.0,1.0,20.0,9304
sjmulder_2021_11_short,60.0,22.0,244.0,0.0,17.0,63.0,30.0,0.0,0.0,5.0,4716
sjmulder_2021_13,53.0,18.0,268.0,0.0,12.0,70.0,29.0,0.0,1.0,13.0,6572
sjmulder_2021_14,42.0,15.0,279.0,0.0,20.0,78.0,31.0,0.0,1.0,6.0,5188
sjmulder_2021_15,59.0,20.0,362.0,0.0,52.0,107.0,33.0,0.0,0.0,4.0,5116
sjmulder_2021_15_astar,56.0,22.0,404.0,0.0,38.0,121.0,45.0,0.0,1.0,8.0,6184
sjmulder_2021_17,31.0,14.0,154.0,1.0,14.0,49.0,20.0,0.071,0.0,5.0,4504
sjmulder_2021_17_fork,66.0,24.0,287.0,1.0,19.0,82.0,38.0,0.053,0.0,15.0,7540
sjmulder_2021_18,81.0,28.0,488.0,0.0,48.0,121.0,51.0,0.0,1.0,9.0,6192
sjmulder_2021_19,126.0,38.0,930.0,0.0,48.0,230.0,92.0,0.0,1.0,17.0,11256
sjmulder_2021_2,10.0,1.0,56.0,0.0,7.0,16.0,10.0,0.0,0.0,4.0,3300
sjmulder_2021_20,60.0,17.0,402.0,0.0,56.0,100.0,32.0,0.0,1.0,8.0,6712
sjmulder_2021_21,25.0,7.0,357.0,0.0,16.0,77.0,45.0,0.0,2.0,10.0,6216
sjmulder_2021_22,113.0,47.0,997.0,0.0,37.0,382.0,58.0,0.0,2.0,9.0,8356
sjmulder_2021_23,105.0,33.0,593.0,0.0,33.0,127.0,75.0,0.0,2.0,12.0,7500
sjmulder_2021_23_dijkstra,118.0,38.0,663.0,0.0,47.0,160.0,70.0,0.0,2.0,15.0,8176
sjmulder_2021_25,39.0,15.0,249.0,0.0,18.0,58.0,31.0,0.0,0.0,4.0,4340
sjmulder_2021_3,42.0,13.0,288.0,0.0,34.0,77.0,44.0,0.0,1.0,8.0,5032
sjmulder_2021_5,24.0,8.0,151.0,0.0,23.0,42.0,14.0,0.0,0.0,4.0,3992
sjmulder_2021_6,20.0,5.0,105.0,0.0,15.0,26.0,15.0,0.0,1.0,4.0,3452
sjmulder_2021_6_orig,18.0,5.0,88.0,0.0,7.0,20.0,14.0,0.0,2.0,5.0,3532
sjmulder_2021_7,20.0,6.0,125.0,0.0,17.0,37.0,20.0,0.0,0.0,6.0,4208
sjmulder_2021_7_orig,25.0,11.0,132.0,0.0,9.0,41.0,20.0,0.0,0.0,4.0,3824
sjmulder_2021_9,40.0,20.0,286.0,0.0,23.0,90.0,18.0,0.0,0.0,8.0,5792
sopyb_2015_10a,18.0,5.0,109.0,0.0,4.0,26.0,17.0,0.0,0.0,9.0,4780
sopyb_2015_10b,18.0,5.0,105.0,0.0,4.0,26.0,17.0,0.0,0.0,9.0,4776
sopyb_2015_11b,38.0,19.0,197.0,0.0,10.0,46.0,23.0,0.0,0.0,5.0,4168
sopyb_2015_13a,41.0,14.0,246.0,0.0,14.0,59.0,30.0,0.0,1.0,12.0,6040
sopyb_2015_13b,45.0,15.0,283.0,0.0,16.0,69.0,36.0,0.0,1.0,12.0,6280
sopyb_2015_14a,19.0,6.0,126.0,0.0,10.0,29.0,19.0,0.0,1.0,8.0,4552
sopyb_2015_14b,37.0,12.0,245.0,0.0,14.0,62.0,30.0,0.0,4.0,11.0,5348
sopyb_2015_15a,26.0,10.0,243.0,0.0,41.0,66.0,25.0,0.0,1.0,8.0,5076
sopyb_2015_15b,27.0,11.0,271.0,0.0,48.0,75.0,26.0,0.0,1.0,8.0,5204
sopyb_2015_16a,76.0,35.0,275.0,0.0,3.0,63.0,24.0,0.0,2.0,11.0,7044
sopyb_2015_16b,76.0,35.0,271.0,0.0,3.0,63.0,23.0,0.0,2.0,11.0,7016
sopyb_2015_17a,17.0,5.0,107.0,0.0,7.0,29.0,16.0,0.0,0.0,7.0,4080
sopyb_2015_17b,22.0,7.0,123.0,0.0,10.0,34.0,17.0,0.0,0.0,7.0,4276
sopyb_2015_19b,25.0,8.0,169.0,0.0,6.0,40.0,20.0,0.0,0.0,14.0,5912
sopyb_2015_1a,7.0,2.0,34.0,0.0,2.0,6.0,6.0,0.0,0.0,5.0,3192
sopyb_2015_1b,9.0,3.0,43.0,0.0,3.0,8.0,8.0,0.0,0.0,5.0,3228
sopyb_2015_20a,18.0,5.0,92.0,0.0,5.0,27.0,15.0,0.0,0.0,8.0,4892
sopyb_2015_20b,20.0,6.0,99.0,0.0,6.0,29.0,15.0,0.0,0.0,8.0,4924
sopyb_2015_21a,46.0,14.0,268.0,0.0,26.0,63.0,25.0,0.0,1.0,7.0,5560
sopyb_2015_21b,46.0,14.0,268.0,0.0,26.0,63.0,25.0,0.0,1.0,7.0,5560
sopyb_2015_22a,43.0,21.0,220.0,0.0,12.0,52.0,27.0,0.0,2.0,8.0,5176
sopyb_2015_22b,47.0,23.0,233.0,0.0,13.0,55.0,28.0,0.0,2.0,8.0,5244
sopyb_2015_23a,52.0,20.0,223.0,0.0,16.0,53.0,29.0,0.0,0.0,10.0,5596
sopyb_2015_23b,52.0,20.0,223.0,0.0,16.0,53.0,29.0,0.0,0.0,10.0,5596
sopyb_2015_24a,18.0,9.0,113.0,0.0,8.0,38.0,12.0,0.0,0.0,7.0,4240
sopyb_2015_24b,18.0,9.0,113.0,0.0,8.0,38.0,12.0,0.0,0.0,7.0,4240
sopyb_2015_25a,8.0,2.0,65.0,0.0,10.0,14.0,12.0,0.0,0.0,5.0,3884
sopyb_2015_2a,8.0,3.0,66.0,0.0,10.0,21.0,10.0,0.0,0.0,5.0,3676
sopyb_2015_2b,21.0,8.0,95.0,0.0,7.0,34.0,10.0,0.0,0.0,5.0,3780
sopyb_2015_3a,40.0,11.0,262.0,0.0,11.0,76.0,43.0,0.0,1.0,15.0,6640
sopyb_2015_3b,43.0,11.0,284.0,0.0,11.0,81.0,52.0,0.0,1.0,15.0,6752
sopyb_2015_5a,48.0,24.0,233.0,0.0,13.0,54.0,23.0,0.0,0.0,5.0,4540
sopyb_2015_5b,36.0,16.0,174.0,0.0,13.0,41.0,17.0,0.0,0.0,5.0,4236
sopyb_2015_6a,32.0,9.0,141.0,0.0,6.0,30.0,15.0,0.0,1.0,7.0,4556
sopyb_2015_6b,34.0,10.0,155.0,0.0,8.0,35.0,15.0,0.0,1.0,7.0,4608
sopyb_2015_7a,57.0,17.0,425.0,0.0,16.0,100.0,45.0,0.0,0.0,13.0,7628
sopyb_2015_7b,63.0,19.0,464.0,0.0,17.0,107.0,49.0,0.0,1.0,15.0,8196
sopyb_2015_8a,19.0,7.0,100.0,0.0,11.0,22.0,13.0,0.0,0.0,6.0,3968
sopyb_2015_8b,14.0,5.0,67.0,0.0,3.0,14.0,10.0,0.0,0.0,6.0,3824
sopyb_2015_9a,44.0,16.0,234.0,0.0,8.0,54.0,33.0,0.0,0.0,10.0,5628
sopyb_2015_9b,46.0,17.0,242.0,0.0,8.0,58.0,34.0,0.0,0.0,10.0,5740
timber-they_2020_1,19.0,5.0,135.0,0.0,11.0,41.0,18.0,0.0,2.0,7.0,4272
timber-they_2020_10,49.0,17.0,430.0,0.0,51.0,142.0,53.0,0.0,1.0,16.0,7864
timber-they_2020_11,210.0,82.0,1366.0,0.0,97.0,442.0,124.0,0.0,0.0,14.0,10524
timber-they_2020_12,62.0,11.0,393.0,0.0,37.0,128.0,62.0,0.0,0.0,14.0,7132
timber-they_2020_13,75.0,28.0,513.0,0.0,26.0,153.0,78.0,0.0,0.0,20.0,8632
timber-they_2020_14,105.0,30.0,831.0,0.0,50.0,248.0,135.0,0.0,1.0,30.0,11828
timber-they_2020_15,20.0,7.0,153.0,0.0,7.0,42.0,29.0,0.0,0.0,12.0,5924
timber-they_2020_16,159.0,48.0,946.0,0.0,28.0,272.0,137.0,0.0,2.0,29.0,13244
timber-they_2020_17,186.0,66.0,1049.0,0.0,132.0,303.0,135.0,0.0,1.0,25.0,12068
timber-they_2020_18,41.0,9.0,236.0,0.0,12.0,68.0,43.0,0.0,0.0,13.0,6044
timber-they_2020_19,176.0,61.0,991.0,0.0,28.0,295.0,102.0,0.0,2.0,23.0,12652
timber-they_2020_2,20.0,6.0,195.0,0.0,6.0,54.0,25.0,0.0,2.0,12.0,5720
timber-they_2020_20,356.0,119.0,2239.0,0.0,187.0,668.0,274.0,0.0,2.0,42.0,20520
timber-they_2020_21,162.0,52.0,880.0,0.0,27.0,247.0,126.0,0.0,1.0,27.0,12248
timber-they_2020_22,109.0,33.0,730.0,0.0,29.0,224.0,86.0,0.0,2.0,31.0,11388
timber-they_2020_23,129.0,47.0,942.0,0.0,50.0,345.0,131.0,0.0,0.0,23.0,11000
timber-they_2020_23F,71.0,24.0,426.0,0.0,7.0,148.0,64.0,0.0,0.0,16.0,7372
timber-they_2020_24,156.0,51.0,1045.0,0.0,68.0,301.0,108.0,0.0,2.0,26.0,12500
timber-they_2020_25,18.0,4.0,119.0,0.0,6.0,27.0,23.0,0.0,0.0,15.0,5764
timber-they_2020_3,28.0,8.0,171.0,0.0,10.0,38.0,24.0,0.0,1.0,9.0,5252
timber-they_2020_4,167.0,65.0,748.0,0.0,14.0,175.0,109.0,0.0,1.0,35.0,12800
timber-they_2020_5,41.0,15.0,295.0,0.0,39.0,87.0,31.0,0.0,1.0,12.0,6256
timber-they_2020_6,56.0,18.0,335.0,0.0,11.0,89.0,58.0,0.0,0.0,14.0,6368
timber-they_2020_7,122.0,33.0,862.0,0.0,32.0,266.0,110.0,0.0,0.0,27.0,12580
timber-they_2020_8,64.0,12.0,370.0,0.0,11.0,104.0,60.0,0.0,1.0,16.0,8084
timber-they_2020_9,65.0,19.0,412.0,0.0,18.0,134.0,61.0,0.0,0.0,15.0,7576
tomaskala_2021_10a,17.0,4.0,120.0,0.0,5.0,28.0,22.0,0.0,1.0,6.0,3764
tomaskala_2021_10b,26.0,7.0,203.0,0.0,12.0,52.0,38.0,0.0,1.0,10.0,5068
tomaskala_2021_11a,56.0,19.0,283.0,0.0,34.0,76.0,38.0,0.0,1.0,7.0,5088
tomaskala_2021_11b,56.0,19.0,286.0,0.0,35.0,77.0,39.0,0.0,1.0,7.0,5100
tomaskala_2021_12a,62.0,20.0,457.0,0.0,7.0,156.0,62.0,0.0,2.0,22.0,8984
tomaskala_2021_12b,69.0,22.0,493.0,0.0,9.0,171.0,65.0,0.0,2.0,22.0,9144
tomaskala_2021_13a,73.0,24.0,365.0,0.0,29.0,96.0,53.0,0.0,1.0,14.0,8020
tomaskala_2021_13b,73.0,24.0,358.0,0.0,28.0,94.0,51.0,0.0,1.0,14.0,7996
tomaskala_2021_14a,58.0,23.0,350.0,0.0,35.0,94.0,37.0,0.0,2.0,11.0,6540
tomaskala_2021_14b,58.0,23.0,350.0,0.0,35.0,94.0,37.0,0.0,2.0,11.0,6540
tomaskala_2021_15a,79.0,29.0,891.0,0.0,129.0,331.0,69.0,0.0,1.0,15.0,8892
tomaskala_2021_15b,87.0,31.0,1015.0,0.0,148.0,406.0,81.0,0.0,1.0,16.0,9632
tomaskala_2021_16a,52.0,11.0,449.0,0.0,33.0,133.0,79.0,0.0,1.0,22.0,8740
tomaskala_2021_16b,111.0,26.0,682.0,0.0,34.0,206.0,107.0,0.0,1.0,22.0,10588
tomaskala_2021_17a,6.0,2.0,58.0,0.0,5.0,11.0,10.0,0.0,1.0,10.0,4784
tomaskala_2021_17b,25.0,9.0,167.0,0.0,8.0,37.0,28.0,0.0,1.0,10.0,5568
tomaskala_2021_18a,111.0,42.0,644.0,0.0,23.0,211.0,81.0,0.0,1.0,17.0,8920
tomaskala_2021_18b,134.0,49.0,763.0,0.0,26.0,252.0,97.0,0.0,1.0,17.0,9532
tomaskala_2021_19a,129.0,37.0,1019.0,0.0,104.0,355.0,119.0,0.0,1.0,24.0,12784
tomaskala_2021_19b,148.0,43.0,1217.0,0.0,120.0,426.0,132.0,0.0,1.0,24.0,13712
tomaskala_2021_1a,11.0,4.0,56.0,0.0,3.0,11.0,7.0,0.0,1.0,9.0,4512
tomaskala_2021_1b,11.0,4.0,88.0,0.0,10.0,19.0,16.0,0.0,1.0,9.0,4700
tomaskala_2021_20a,41.0,11.0,327.0,0.0,87.0,98.0,32.0,0.0,1.0,9.0,6060
tomaskala_2021_20b,41.0,11.0,327.0,0.0,87.0,98.0,32.0,0.0,1.0,9.0,6060
tomaskala_2021_21a,25.0,9.0,152.0,0.0,12.0,32.0,19.0,0.0,1.0,10.0,5644
tomaskala_2021_21b,61.0,18.0,341.0,0.0,30.0,92.0,40.0,0.0,1.0,11.0,6688
tomaskala_2021_22a,61.0,25.0,424.0,0.0,62.0,133.0,34.0,0.0,2.0,15.0,8020
tomaskala_2021_22b,54.0,19.0,397.0,0.0,62.0,127.0,34.0,0.0,2.0,15.0,7884
tomaskala_2021_23a,153.0,57.0,1023.0,0.0,76.0,313.0,131.0,0.0,2.0,24.0,11592
tomaskala_2021_23b,159.0,59.0,1157.0,0.0,85.0,342.0,166.0,0.0,2.0,24.0,12360
tomaskala_2021_24a,47.0,17.0,274.0,0.0,19.0,69.0,39.0,0.0,1.0,14.0,6856
tomaskala_2021_25a,46.0,16.0,241.0,0.0,29.0,74.0,31.0,0.0,2.0,9.0,5588
tomaskala_2021_2a,17.0,5.0,87.0,0.0,5.0,20.0,11.0,0.0,1.0,10.0,5064
tomaskala_2021_2b,17.0,5.0,95.0,0.0,7.0,23.0,13.0,0.0,1.0,10.0,5096
tomaskala_2021_3a,16.0,5.0,107.0,0.0,16.0,22.0,13.0,0.0,1.0,9.0,4768
tomaskala_2021_3b,40.0,17.0,241.0,0.0,23.0,66.0,31.0,0.0,1.0,9.0,5376
tomaskala_2021_4a,58.0,19.0,275.0,0.0,46.0,60.0,39.0,0.0,1.0,10.0,6012
tomaskala_2021_4b,62.0,21.0,295.0,0.0,47.0,65.0,42.0,0.0,1.0,10.0,6116
tomaskala_2021_5a,44.0,15.0,193.0,0.0,11.0,52.0,22.0,0.0,1.0,13.0,6444
tomaskala_2021_5b,84.0,28.0,335.0,0.0,21.0,104.0,32.0,0.0,1.0,13.0,7068
tomaskala_2021_6a,19.0,6.0,108.0,0.0,12.0,25.0,18.0,0.0,1.0,9.0,4956
tomaskala_2021_6b,19.0,6.0,108.0,0.0,12.0,25.0,18.0,0.0,1.0,9.0,4956
tomaskala_2021_7a,51.0,14.0,326.0,0.0,20.0,112.0,47.0,0.0,1.0,12.0,6268
tomaskala_2021_7b,28.0,9.0,175.0,6.0,17.0,47.0,21.0,0.353,1.0,10.0,5492
tomaskala_2021_8a,16.0,7.0,67.0,0.0,3.0,12.0,9.0,0.0,0.0,6.0,4124
tomaskala_2021_8b,28.0,8.0,398.0,0.0,75.0,106.0,44.0,0.0,1.0,6.0,5608
tomaskala_2021_9a,33.0,13.0,206.0,0.0,42.0,60.0,22.0,0.0,0.0,5.0,4432
tomaskala_2021_9b,54.0,24.0,393.0,0.0,74.0,128.0,37.0,0.0,1.0,7.0,5468
aquelemiguel-2020-1,296.0,35.0,2065.0,0.0,24.0,438.0,386.0,0.0,3.0,191.0,46900
aquelemiguel-2020-10,450.0,76.0,3777.0,0.0,73.0,768.0,615.0,0.0,3.0,229.0,66644
aquelemiguel-2020-11,533.0,54.0,4489.0,0.0,46.0,897.0,798.0,0.0,3.0,296.0,78780
aquelemiguel-2020-12,315.0,52.0,2330.0,15.0,35.0,485.0,397.0,0.429,2.0,163.0,48272
aquelemiguel-2020-13,207.0,26.0,1485.0,4.0,36.0,306.0,266.0,0.111,4.0,119.0,32156
aquelemiguel-2020-14,5485.0,859.0,37671.0,2.0,369.0,7471.0,6134.0,0.005,9.0,2113.0,706148
aquelemiguel-2020-15,369.0,45.0,2487.0,0.0,28.0,565.0,471.0,0.0,4.0,209.0,58900
aquelemiguel-2020-16,6331.0,962.0,45462.0,0.0,454.0,8993.0,7431.0,0.0,8.0,2555.0,856100
aquelemiguel-2020-17,847.0,142.0,5818.0,0.0,56.0,1337.0,1035.0,0.0,2.0,370.0,104668
aquelemiguel-2020-18,634.0,81.0,4832.0,0.0,108.0,931.0,756.0,0.0,3.0,303.0,79136
aquelemiguel-2020-19,5635.0,872.0,38689.0,0.0,343.0,7592.0,6285.0,0.0,8.0,2140.0,729300
aquelemiguel-2020-2,242.0,29.0,1927.0,0.0,31.0,395.0,334.0,0.0,2.0,153.0,39352
aquelemiguel-2020-20,5381.0,843.0,37313.0,0.0,347.0,7397.0,6062.0,0.0,8.0,2096.0,703664
aquelemiguel-2020-21,6128.0,967.0,42526.0,0.0,366.0,8344.0,6895.0,0.0,8.0,2323.0,820716
aquelemiguel-2020-22,644.0,101.0,4518.0,0.0,99.0,896.0,722.0,0.0,2.0,271.0,76324
aquelemiguel-2020-23,581.0,71.0,4122.0,0.0,46.0,832.0,744.0,0.0,2.0,282.0,78156
aquelemiguel-2020-24,5769.0,896.0,39820.0,0.0,352.0,7914.0,6505.0,0.0,8.0,2204.0,749488
aquelemiguel-2020-25,11.0,2.0,56.0,0.0,6.0,11.0,9.0,0.0,0.0,11.0,5012
aquelemiguel-2020-3,412.0,40.0,3234.0,0.0,42.0,663.0,602.0,0.0,3.0,259.0,63140
aquelemiguel-2020-4,5298.0,816.0,36380.0,0.0,336.0,7095.0,5897.0,0.0,8.0,2002.0,681176
aquelemiguel-2020-5,331.0,55.0,2780.0,0.0,56.0,511.0,427.0,0.0,4.0,167.0,50388
aquelemiguel-2020-6,732.0,85.0,5471.0,0.0,42.0,1140.0,976.0,0.0,3.0,382.0,107760
aquelemiguel-2020-7,5876.0,931.0,40045.0,0.0,354.0,7871.0,6473.0,0.0,8.0,2205.0,775472
aquelemiguel-2020-9,300.0,40.0,2330.0,0.0,30.0,490.0,420.0,0.0,2.0,174.0,46188
arnokamphuis-2015-1,21.0,5.0,115.0,0.0,3.0,23.0,21.0,0.0,0.0,16.0,6652
arnokamphuis-2015-10,119.0,17.0,660.0,0.0,26.0,127.0,111.0,0.0,0.0,54.0,16864
arnokamphuis-2015-11,97.0,19.0,453.0,0.0,18.0,83.0,67.0,0.0,0.0,46.0,14004
arnokamphuis-2015-12,408.0,67.0,2938.0,0.0,93.0,639.0,489.0,0.0,2.0,205.0,52720
arnokamphuis-2015-13,634.0,76.0,4350.0,0.0,25.0,845.0,770.0,0.0,1.0,320.0,100268
arnokamphuis-2015-14,260.0,38.0,1702.0,0.0,12.0,334.0,300.0,0.0,1.0,128.0,42932
arnokamphuis-2015-15,844.0,108.0,5872.0,0.0,41.0,1183.0,1051.0,0.0,2.0,413.0,123968
arnokamphuis-2015-16,597.0,71.0,3801.0,0.0,9.0,654.0,686.0,0.0,1.0,261.0,81824
arnokamphuis-2015-17,364.0,62.0,3120.0,0.0,62.0,594.0,469.0,0.0,5.0,173.0,53120
arnokamphuis-2015-18,501.0,70.0,4565.0,0.0,83.0,856.0,800.0,0.0,3.0,238.0,69300
arnokamphuis-2015-19a,269.0,28.0,1782.0,0.0,16.0,365.0,324.0,0.0,1.0,163.0,48264
arnokamphuis-2015-19b,423.0,49.0,2920.0,0.0,23.0,589.0,532.0,0.0,1.0,245.0,73192
arnokamphuis-2015-2,258.0,48.0,2130.0,0.0,63.0,420.0,313.0,0.0,3.0,128.0,39456
arnokamphuis-2015-20,31.0,8.0,131.0,5.0,15.0,33.0,17.0,0.333,0.0,14.0,6552
arnokamphuis-2015-21,435.0,67.0,2774.0,0.0,13.0,408.0,502.0,0.0,1.0,159.0,55984
arnokamphuis-2015-23,148.0,22.0,957.0,0.0,27.0,177.0,162.0,0.0,2.0,76.0,22936
arnokamphuis-2015-3,301.0,43.0,2169.0,0.0,23.0,465.0,390.0,0.0,1.0,176.0,48204
arnokamphuis-2015-5,236.0,35.0,1366.0,0.0,39.0,248.0,223.0,0.0,2.0,120.0,31396
arnokamphuis-2015-6,337.0,45.0,2312.0,0.0,42.0,502.0,418.0,0.0,2.0,175.0,45536
arnokamphuis-2015-7,652.0,106.0,3596.0,0.0,44.0,578.0,608.0,0.0,1.0,210.0,71880
arnokamphuis-2015-8,27.0,8.0,94.0,0.0,9.0,18.0,21.0,0.0,0.0,7.0,4596
arnokamphuis-2015-9,529.0,70.0,3522.0,0.0,18.0,703.0,610.0,0.0,1.0,285.0,86624
arnokamphuis-2017-1,108.0,14.0,764.0,0.0,21.0,173.0,137.0,0.0,1.0,72.0,19124
arnokamphuis-2017-11,33.0,8.0,216.0,0.0,22.0,56.0,35.0,0.0,0.0,20.0,8124
arnokamphuis-2017-12,755.0,106.0,5378.0,0.0,38.0,1127.0,945.0,0.0,3.0,381.0,103688
arnokamphuis-2017-13,323.0,49.0,2214.0,0.0,25.0,463.0,393.0,0.0,2.0,181.0,48344
arnokamphuis-2017-15,35.0,5.0,226.0,0.0,11.0,47.0,45.0,0.0,0.0,26.0,8340
arnokamphuis-2017-16,272.0,39.0,1569.0,0.0,25.0,315.0,258.0,0.0,1.0,119.0,36120
arnokamphuis-2017-17,140.0,20.0,1134.0,0.0,35.0,251.0,207.0,0.0,2.0,89.0,23816
arnokamphuis-2017-18,704.0,108.0,4555.0,0.0,68.0,918.0,761.0,0.0,4.0,306.0,84064
arnokamphuis-2017-19,296.0,45.0,2196.0,0.0,37.0,469.0,381.0,0.0,2.0,165.0,41872
arnokamphuis-2017-2,309.0,39.0,2307.0,0.0,44.0,493.0,418.0,0.0,2.0,178.0,44988
arnokamphuis-2017-20,488.0,56.0,3474.0,0.0,42.0,678.0,614.0,0.0,2.0,267.0,74168
arnokamphuis-2017-21-v2,416.0,54.0,2621.0,1.0,61.0,494.0,433.0,0.016,1.0,173.0,55388
arnokamphuis-2017-21,1015.0,136.0,7088.0,2.0,141.0,1461.0,1242.0,0.014,2.0,461.0,128384
arnokamphuis-2017-22,368.0,49.0,3061.0,4.0,54.0,661.0,545.0,0.074,3.0,211.0,54120
arnokamphuis-2017-23a,582.0,84.0,3744.0,0.0,34.0,736.0,663.0,0.0,2.0,261.0,73120
arnokamphuis-2017-23b,14.0,5.0,77.0,0.0,9.0,17.0,22.0,0.0,0.0,2.0,3104
arnokamphuis-2017-24,419.0,57.0,3060.0,0.0,40.0,628.0,540.0,0.0,2.0,199.0,56016
arnokamphuis-2017-25,782.0,113.0,5381.0,0.0,34.0,1056.0,936.0,0.0,3.0,390.0,113856
arnokamphuis-2017-3,267.0,47.0,1847.0,1.0,53.0,367.0,326.0,0.019,1.0,120.0,38064
arnokamphuis-2017-4,180.0,27.0,1094.0,0.0,16.0,224.0,180.0,0.0,1.0,98.0,29356
arnokamphuis-2017-5,111.0,17.0,770.0,0.0,20.0,178.0,137.0,0.0,2.0,74.0,19052
arnokamphuis-2017-6,493.0,72.0,3325.0,0.0,49.0,688.0,573.0,0.0,2.0,245.0,73416
arnokamphuis-2017-7,664.0,90.0,4717.0,0.0,50.0,940.0,819.0,0.0,2.0,313.0,91736
arnokamphuis-2017-8,285.0,47.0,1759.0,0.0,4.0,332.0,299.0,0.0,1.0,136.0,44816
arnokamphuis-2017-9,430.0,48.0,3231.0,0.0,97.0,684.0,517.0,0.0,2.0,216.0,54816
arnokamphuis-2018-1,205.0,26.0,1492.0,0.0,21.0,323.0,281.0,0.0,2.0,131.0,33356
arnokamphuis-2018-10,397.0,51.0,3119.0,0.0,60.0,677.0,565.0,0.0,2.0,228.0,58788
arnokamphuis-2018-11,280.0,35.0,2138.0,0.0,59.0,477.0,389.0,0.0,2.0,150.0,38760
arnokamphuis-2018-12,475.0,63.0,3279.0,0.0,64.0,645.0,550.0,0.0,3.0,242.0,67104
arnokamphuis-2018-13,818.0,121.0,6280.0,0.0,89.0,1280.0,1063.0,0.0,3.0,407.0,108648
arnokamphuis-2018-14,178.0,24.0,1307.0,0.0,38.0,270.0,233.0,0.0,1.0,97.0,26152
arnokamphuis-2018-15,1725.0,281.0,14258.0,0.0,247.0,2717.0,2284.0,0.0,5.0,742.0,223400
arnokamphuis-2018-16,2139.0,305.0,14004.0,0.0,74.0,2618.0,2366.0,0.0,2.0,810.0,266496
arnokamphuis-2018-17,769.0,129.0,6335.0,0.0,155.0,1326.0,1036.0,0.0,3.0,374.0,103560
arnokamphuis-2018-18,837.0,122.0,6342.0,0.0,84.0,1346.0,1119.0,0.0,3.0,408.0,117620
arnokamphuis-2018-19,357.0,57.0,2096.0,3.0,59.0,437.0,324.0,0.051,1.0,147.0,39776
arnokamphuis-2018-2,464.0,63.0,3030.0,0.0,20.0,627.0,545.0,0.0,1.0,230.0,63844
arnokamphuis-2018-20,939.0,143.0,7002.0,0.0,72.0,1474.0,1237.0,0.0,3.0,473.0,130248
arnokamphuis-2018-21,492.0,74.0,3053.0,3.0,61.0,634.0,505.0,0.049,1.0,219.0,57412
arnokamphuis-2018-23,619.0,117.0,5482.0,4.0,173.0,1061.0,794.0,0.023,3.0,260.0,85140
arnokamphuis-2018-24,1734.0,298.0,13480.0,0.0,159.0,2551.0,2186.0,0.0,4.0,739.0,235240
arnokamphuis-2018-25,983.0,122.0,7379.0,0.0,55.0,1436.0,1314.0,0.0,3.0,488.0,136520
arnokamphuis-2018-3,419.0,52.0,2998.0,0.0,53.0,643.0,545.0,0.0,3.0,237.0,60260
arnokamphuis-2018-4,549.0,82.0,3746.0,0.0,25.0,767.0,659.0,0.0,1.0,271.0,80864
arnokamphuis-2018-5,183.0,24.0,1624.0,0.0,34.0,328.0,296.0,0.0,2.0,114.0,31528
arnokamphuis-2018-6,893.0,131.0,6575.0,0.0,98.0,1418.0,1188.0,0.0,2.0,458.0,119356
arnokamphuis-2018-7,602.0,96.0,4204.0,0.0,36.0,897.0,759.0,0.0,2.0,289.0,78764
arnokamphuis-2018-8,138.0,22.0,1080.0,0.0,26.0,244.0,205.0,0.0,1.0,89.0,23144
arnokamphuis-2018-9,220.0,27.0,1654.0,0.0,32.0,338.0,303.0,0.0,2.0,145.0,35980
gogoprog-2015-1,45.0,5.0,285.0,0.0,6.0,44.0,48.0,0.0,1.0,33.0,12152
gogoprog-2015-10,71.0,13.0,412.0,0.0,23.0,92.0,67.0,0.0,0.0,40.0,12468
gogoprog-2015-11,81.0,17.0,383.0,0.0,11.0,76.0,51.0,0.0,0.0,46.0,13908
gogoprog-2015-12,103.0,27.0,428.0,0.0,20.0,100.0,53.0,0.0,0.0,38.0,13192
gogoprog-2015-13,1050.0,157.0,8308.0,0.0,114.0,1541.0,1283.0,0.0,4.0,463.0,152280
gogoprog-2015-14,433.0,76.0,3483.0,0.0,76.0,597.0,455.0,0.0,2.0,168.0,57928
gogoprog-2015-15,318.0,35.0,2550.0,0.0,51.0,549.0,445.0,0.0,4.0,187.0,48012
gogoprog-2015-16,878.0,107.0,5918.0,0.0,23.0,1207.0,1064.0,0.0,2.0,428.0,131952
gogoprog-2015-17,572.0,86.0,4336.0,0.0,65.0,905.0,725.0,0.0,3.0,301.0,83708
gogoprog-2015-18,658.0,99.0,4452.0,0.0,60.0,950.0,797.0,0.0,2.0,257.0,81328
gogoprog-2015-19,1150.0,159.0,8560.0,0.0,65.0,1675.0,1454.0,0.0,4.0,561.0,185656
gogoprog-2015-2,267.0,45.0,2225.0,0.0,71.0,445.0,324.0,0.0,5.0,141.0,40960
gogoprog-2015-20,206.0,34.0,1406.0,1.0,16.0,291.0,248.0,0.062,1.0,113.0,33148
gogoprog-2015-3,833.0,106.0,5841.0,0.0,16.0,1172.0,1071.0,0.0,2.0,412.0,117276
gogoprog-2015-5,299.0,46.0,1567.0,0.0,18.0,258.0,254.0,0.0,2.0,136.0,39308
gogoprog-2015-6,306.0,46.0,1831.0,0.0,42.0,416.0,316.0,0.0,3.0,149.0,36504
gogoprog-2015-7,949.0,121.0,6359.0,0.0,57.0,1274.0,1100.0,0.0,3.0,449.0,136272
gogoprog-2015-8,48.0,6.0,236.0,0.0,15.0,47.0,43.0,0.0,0.0,28.0,9732
gogoprog-2015-9,837.0,139.0,6707.0,0.0,100.0,1241.0,1025.0,0.0,5.0,379.0,126212
gogoprog-2017-1,9.0,2.0,65.0,0.0,6.0,18.0,9.0,0.0,0.0,10.0,6636
gogoprog-2017-10,453.0,43.0,3741.0,0.0,57.0,725.0,713.0,0.0,3.0,257.0,66920
gogoprog-2017-11,619.0,57.0,3947.0,0.0,29.0,764.0,717.0,0.0,3.0,320.0,96912
gogoprog-2017-12,585.0,85.0,4710.0,0.0,73.0,990.0,779.0,0.0,4.0,300.0,79712
gogoprog-2017-13,158.0,25.0,898.0,0.0,24.0,195.0,147.0,0.0,3.0,85.0,21956
gogoprog-2017-14,695.0,95.0,5090.0,0.0,130.0,1091.0,900.0,0.0,5.0,349.0,88304
gogoprog-2017-15,16.0,4.0,95.0,0.0,10.0,19.0,15.0,0.0,1.0,12.0,5708
gogoprog-2017-16,379.0,49.0,2717.0,0.0,55.0,520.0,493.0,0.0,3.0,216.0,55876
gogoprog-2017-17,172.0,18.0,1490.0,0.0,35.0,325.0,284.0,0.0,2.0,122.0,31560
gogoprog-2017-18,1194.0,138.0,8388.0,0.0,77.0,1737.0,1508.0,0.0,4.0,598.0,171820
gogoprog-2017-19,176.0,30.0,1072.0,0.0,17.0,228.0,184.0,0.0,2.0,98.0,27552
gogoprog-2017-2,126.0,19.0,888.0,0.0,20.0,193.0,151.0,0.0,2.0,84.0,22268
gogoprog-2017-20,349.0,49.0,2331.0,0.0,18.0,488.0,400.0,0.0,2.0,186.0,51496
gogoprog-2017-21,969.0,130.0,8831.0,3.0,195.0,1621.0,1546.0,0.015,4.0,468.0,139112
gogoprog-2017-22,473.0,73.0,3298.0,0.0,32.0,691.0,571.0,0.0,2.0,247.0,71340
gogoprog-2017-23,855.0,104.0,5737.0,0.0,39.0,1199.0,1043.0,0.0,3.0,428.0,128888
gogoprog-2017-24,825.0,112.0,6280.0,0.0,68.0,1385.0,1109.0,0.0,4.0,422.0,112192
gogoprog-2017-25,540.0,70.0,3473.0,0.0,14.0,691.0,610.0,0.0,2.0,275.0,74032
gogoprog-2017-3,448.0,71.0,3405.0,0.0,31.0,708.0,603.0,0.0,2.0,219.0,66884
gogoprog-2017-4,196.0,31.0,1177.0,0.0,17.0,256.0,198.0,0.0,1.0,110.0,31096
gogoprog-2017-5,106.0,15.0,721.0,0.0,18.0,161.0,125.0,0.0,1.0,74.0,19592
gogoprog-2017-6,287.0,33.0,2271.0,0.0,34.0,464.0,404.0,0.0,2.0,171.0,45060
gogoprog-2017-7,503.0,59.0,3669.0,0.0,50.0,773.0,644.0,0.0,3.0,275.0,72580
gogoprog-2017-8,762.0,86.0,5015.0,0.0,10.0,988.0,894.0,0.0,3.0,381.0,112956
gogoprog-2017-9,44.0,6.0,210.0,0.0,9.0,37.0,30.0,0.0,1.0,31.0,10088
gogoprog-2018-1,232.0,32.0,1518.0,0.0,5.0,297.0,263.0,0.0,1.0,142.0,41828
gogoprog-2018-10,215.0,45.0,1376.0,0.0,22.0,249.0,191.0,0.0,2.0,99.0,29516
gogoprog-2018-11,268.0,40.0,1747.0,0.0,33.0,353.0,300.0,0.0,1.0,135.0,43892
gogoprog-2018-12,495.0,76.0,3239.0,0.0,23.0,603.0,542.0,0.0,1.0,262.0,80240
gogoprog-2018-13,427.0,54.0,3043.0,0.0,49.0,651.0,559.0,0.0,2.0,229.0,60548
gogoprog-2018-14,401.0,48.0,3418.0,0.0,44.0,697.0,601.0,0.0,5.0,236.0,60668
gogoprog-2018-16,1662.0,174.0,11617.0,0.0,44.0,2477.0,2168.0,0.0,3.0,793.0,233684
gogoprog-2018-17,1168.0,185.0,7901.0,0.0,73.0,1627.0,1365.0,0.0,5.0,489.0,141072
gogoprog-2018-18,562.0,75.0,4268.0,0.0,75.0,909.0,728.0,0.0,3.0,292.0,83512
gogoprog-2018-19,1190.0,92.0,8360.0,0.0,42.0,1838.0,1631.0,0.0,2.0,622.0,167224
gogoprog-2018-2,394.0,59.0,2509.0,0.0,22.0,528.0,437.0,0.0,1.0,205.0,62088
gogoprog-2018-20,1081.0,168.0,7730.0,0.0,81.0,1571.0,1315.0,0.0,3.0,498.0,143796
gogoprog-2018-21,1286.0,111.0,9103.0,0.0,44.0,1996.0,1766.0,0.0,2.0,663.0,178728
gogoprog-2018-22,1415.0,224.0,10329.0,0.0,84.0,2119.0,1762.0,0.0,3.0,679.0,198664
gogoprog-2018-23,418.0,65.0,3431.0,0.0,95.0,699.0,536.0,0.0,3.0,218.0,60924
gogoprog-2018-24,852.0,143.0,6651.0,0.0,87.0,1302.0,1066.0,0.0,4.0,386.0,115868
gogoprog-2018-25,385.0,48.0,3603.0,0.0,66.0,766.0,629.0,0.0,4.0,241.0,64264
gogoprog-2018-3,477.0,76.0,3290.0,0.0,29.0,682.0,563.0,0.0,3.0,250.0,69612
gogoprog-2018-5,388.0,68.0,2540.0,0.0,22.0,466.0,398.0,0.0,1.0,186.0,53864
gogoprog-2018-7,685.0,108.0,4904.0,0.0,35.0,937.0,815.0,0.0,4.0,338.0,92340
gogoprog-2018-8,326.0,31.0,2366.0,0.0,34.0,510.0,437.0,0.0,2.0,222.0,52172
gogoprog-2018-9,234.0,29.0,2074.0,0.0,44.0,439.0,385.0,0.0,2.0,145.0,38732
thorstel-2020-10,668.0,110.0,5332.0,0.0,133.0,1055.0,886.0,0.0,5.0,326.0,94704
thorstel-2020-11,541.0,77.0,3691.0,0.0,48.0,758.0,646.0,0.0,2.0,240.0,71648
thorstel-2020-12,84.0,9.0,556.0,0.0,30.0,135.0,115.0,0.0,0.0,43.0,15292
thorstel-2020-13,213.0,26.0,1578.0,0.0,37.0,367.0,301.0,0.0,1.0,137.0,35284
thorstel-2020-14,5505.0,844.0,37988.0,0.0,374.0,7595.0,6225.0,0.0,8.0,2153.0,719168
thorstel-2020-15,312.0,36.0,2034.0,0.0,10.0,466.0,401.0,0.0,3.0,167.0,51184
thorstel-2020-16,6158.0,934.0,42812.0,0.0,383.0,8664.0,7120.0,0.0,8.0,2476.0,839304
thorstel-2020-17a,598.0,62.0,4453.0,0.0,85.0,901.0,817.0,0.0,4.0,294.0,80324
thorstel-2020-17b,720.0,72.0,5286.0,0.0,97.0,1073.0,972.0,0.0,4.0,347.0,95344
thorstel-2020-18,138.0,20.0,647.0,0.0,40.0,119.0,98.0,0.0,0.0,43.0,15840
thorstel-2020-19,5874.0,891.0,39964.0,0.0,347.0,7894.0,6551.0,0.0,8.0,2198.0,763204
thorstel-2020-1a,144.0,20.0,995.0,0.0,23.0,210.0,178.0,0.0,1.0,85.0,22628
thorstel-2020-1b,148.0,21.0,1020.0,0.0,27.0,217.0,180.0,0.0,1.0,85.0,22752
thorstel-2020-2,5141.0,810.0,35372.0,0.0,338.0,7001.0,5720.0,0.0,8.0,1961.0,678632
thorstel-2020-20,1766.0,221.0,12136.0,1.0,123.0,2551.0,2253.0,0.008,4.0,833.0,252488
thorstel-2020-21,670.0,104.0,4706.0,0.0,20.0,895.0,771.0,0.0,1.0,322.0,105132
thorstel-2020-22,651.0,91.0,4616.0,0.0,92.0,885.0,776.0,0.0,3.0,283.0,79752
thorstel-2020-23,65.0,11.0,381.0,0.0,10.0,102.0,66.0,0.0,0.0,37.0,12340
thorstel-2020-24,606.0,83.0,4153.0,0.0,19.0,789.0,737.0,0.0,1.0,284.0,88828
thorstel-2020-25,10.0,2.0,50.0,0.0,6.0,10.0,9.0,0.0,0.0,10.0,4820
thorstel-2020-3,184.0,21.0,1168.0,0.0,23.0,243.0,206.0,0.0,0.0,98.0,29148
thorstel-2020-4,5298.0,851.0,36096.0,0.0,343.0,7114.0,5839.0,0.0,8.0,1991.0,677748
thorstel-2020-5,269.0,54.0,2144.0,0.0,71.0,415.0,302.0,0.0,3.0,118.0,37828
thorstel-2020-6,296.0,40.0,2042.0,0.0,13.0,429.0,369.0,0.0,3.0,166.0,50996
thorstel-2020-7,6558.0,982.0,45517.0,0.0,402.0,9200.0,7583.0,0.0,8.0,2549.0,904596
thorstel-2020-8,720.0,87.0,5007.0,0.0,30.0,1126.0,963.0,0.0,3.0,375.0,120156
thorstel-2020-9,174.0,28.0,1131.0,0.0,30.0,253.0,202.0,0.0,1.0,87.0,23536
vss2sn-2017-01a,61.0,8.0,290.0,0.0,9.0,52.0,41.0,0.0,0.0,43.0,13184
vss2sn-2017-01b,55.0,6.0,275.0,0.0,7.0,51.0,42.0,0.0,0.0,43.0,13088
vss2sn-2017-02b,188.0,29.0,1167.0,0.0,31.0,246.0,197.0,0.0,1.0,108.0,28520
vss2sn-2017-03a,127.0,15.0,558.0,0.0,54.0,119.0,75.0,0.0,0.0,52.0,17184
vss2sn-2017-03b,322.0,45.0,2066.0,0.0,50.0,440.0,370.0,0.0,3.0,165.0,42104
vss2sn-2017-04a,317.0,37.0,1927.0,0.0,14.0,419.0,364.0,0.0,3.0,175.0,55856
vss2sn-2017-04b,458.0,66.0,3244.0,0.0,45.0,654.0,534.0,0.0,5.0,226.0,75684
vss2sn-2017-05a,162.0,24.0,1036.0,0.0,20.0,222.0,180.0,0.0,1.0,105.0,27200
vss2sn-2017-05b,165.0,25.0,1050.0,0.0,21.0,226.0,181.0,0.0,1.0,105.0,27272
vss2sn-2017-06a,478.0,64.0,3237.0,0.0,54.0,714.0,597.0,0.0,4.0,264.0,77112
vss2sn-2017-06b,525.0,65.0,3555.0,0.0,56.0,785.0,662.0,0.0,4.0,281.0,83892
vss2sn-2017-07a,5457.0,850.0,37652.0,0.0,345.0,7500.0,6155.0,0.0,8.0,2098.0,716936
vss2sn-2017-07b,6206.0,933.0,42905.0,0.0,365.0,8703.0,7148.0,0.0,8.0,2445.0,850192
vss2sn-2017-08a,5565.0,853.0,38299.0,0.0,352.0,7680.0,6268.0,0.0,8.0,2166.0,730932
vss2sn-2017-08b,5549.0,852.0,38169.0,0.0,352.0,7655.0,6246.0,0.0,8.0,2153.0,726972
vss2sn-2017-09a,79.0,12.0,329.0,0.0,7.0,60.0,48.0,0.0,0.0,44.0,13680
vss2sn-2017-09b,83.0,12.0,339.0,0.0,8.0,62.0,50.0,0.0,0.0,44.0,13824
vss2sn-2017-10a,240.0,31.0,1604.0,0.0,36.0,347.0,295.0,0.0,1.0,137.0,35412
vss2sn-2017-10b,275.0,32.0,1906.0,0.0,46.0,408.0,359.0,0.0,1.0,158.0,39684
vss2sn-2017-11a,215.0,27.0,1229.0,17.0,29.0,262.0,212.0,0.586,2.0,116.0,33084
vss2sn-2017-11b,207.0,28.0,1246.0,18.0,29.0,269.0,221.0,0.621,2.0,115.0,32740
vss2sn-2017-12a,744.0,91.0,5168.0,0.0,61.0,1137.0,930.0,0.0,4.0,375.0,109916
vss2sn-2017-12b,750.0,90.0,5181.0,0.0,62.0,1135.0,936.0,0.0,4.0,378.0,111644
vss2sn-2017-13a,309.0,34.0,2016.0,0.0,16.0,455.0,381.0,0.0,3.0,184.0,52608
vss2sn-2017-13b,338.0,55.0,2601.0,0.0,51.0,493.0,392.0,0.0,2.0,170.0,51340
vss2sn-2017-14a,442.0,66.0,2953.0,0.0,105.0,642.0,537.0,0.0,4.0,213.0,54876
vss2sn-2017-14b,828.0,114.0,5885.0,0.0,168.0,1268.0,1042.0,0.0,5.0,394.0,98588
vss2sn-2017-15a,222.0,27.0,1508.0,0.0,34.0,317.0,274.0,0.0,1.0,142.0,35320
vss2sn-2017-15b,391.0,47.0,2819.0,0.0,78.0,583.0,472.0,0.0,2.0,218.0,53412
vss2sn-2017-17a,253.0,34.0,1921.0,0.0,40.0,412.0,345.0,0.0,3.0,161.0,41200
vss2sn-2017-17b,78.0,12.0,380.0,0.0,6.0,72.0,61.0,0.0,0.0,50.0,15484
vss2sn-2017-19a,214.0,35.0,1243.0,0.0,25.0,275.0,197.0,0.0,1.0,112.0,31808
vss2sn-2017-19b,214.0,35.0,1250.0,0.0,26.0,278.0,199.0,0.0,1.0,112.0,31744
vss2sn-2017-20a,5385.0,841.0,37214.0,0.0,380.0,7363.0,6025.0,0.0,8.0,2074.0,695076
vss2sn-2017-20b,5808.0,905.0,40666.0,24.0,442.0,8083.0,6597.0,0.054,9.0,2275.0,759992
vss2sn-2017-21a,5920.0,904.0,40201.0,3.0,391.0,8111.0,6615.0,0.008,8.0,2245.0,789520
vss2sn-2017-21b,5920.0,904.0,40201.0,3.0,391.0,8111.0,6615.0,0.008,8.0,2245.0,789520
vss2sn-2017-22a,484.0,71.0,3223.0,0.0,28.0,722.0,603.0,0.0,3.0,236.0,70148
vss2sn-2017-22b,427.0,58.0,2847.0,0.0,30.0,629.0,525.0,0.0,3.0,221.0,65316
vss2sn-2017-23b,100.0,13.0,709.0,0.0,28.0,137.0,132.0,0.0,2.0,61.0,17452
vss2sn-2018-01a,85.0,11.0,398.0,0.0,5.0,70.0,64.0,0.0,0.0,56.0,16488
vss2sn-2018-01b,352.0,43.0,2254.0,0.0,12.0,485.0,431.0,0.0,3.0,193.0,56452
vss2sn-2018-03a,5408.0,837.0,37198.0,0.0,346.0,7420.0,6075.0,0.0,8.0,2095.0,706448
vss2sn-2018-03b,5793.0,884.0,40045.0,0.0,375.0,8059.0,6629.0,0.0,8.0,2298.0,763700
vss2sn-2018-04a,6035.0,904.0,41920.0,0.0,399.0,8381.0,6892.0,0.0,8.0,2410.0,820420
vss2sn-2018-04b,5952.0,900.0,41399.0,0.0,395.0,8276.0,6793.0,0.0,8.0,2356.0,789128
vss2sn-2018-05a,129.0,22.0,695.0,0.0,11.0,123.0,96.0,0.0,1.0,64.0,20196
vss2sn-2018-05b,187.0,36.0,1071.0,0.0,15.0,175.0,142.0,0.0,1.0,74.0,25312
vss2sn-2018-06a,392.0,56.0,2667.0,0.0,66.0,568.0,480.0,0.0,3.0,205.0,51704
vss2sn-2018-07a,958.0,141.0,7299.0,0.0,61.0,1466.0,1249.0,0.0,5.0,441.0,138428
vss2sn-2018-07b,1124.0,173.0,8577.0,0.0,74.0,1772.0,1497.0,0.0,5.0,515.0,158476
vss2sn-2018-08a,349.0,40.0,2449.0,0.0,42.0,535.0,447.0,0.0,3.0,219.0,54808
vss2sn-2018-08b,373.0,45.0,2636.0,0.0,46.0,577.0,478.0,0.0,3.0,228.0,57348
vss2sn-2018-09a,288.0,36.0,1966.0,0.0,30.0,423.0,360.0,0.0,1.0,168.0,44868
vss2sn-2018-09b,288.0,36.0,1949.0,0.0,31.0,423.0,360.0,0.0,1.0,168.0,44828
vss2sn-2018-10a,5535.0,859.0,38277.0,1.0,367.0,7557.0,6206.0,0.003,8.0,2136.0,716276
vss2sn-2018-10b,5341.0,834.0,36902.0,1.0,352.0,7301.0,5974.0,0.003,8.0,2060.0,693292
vss2sn-2018-11a,310.0,38.0,1968.0,0.0,46.0,409.0,359.0,0.0,3.0,163.0,41452
vss2sn-2018-11b,543.0,52.0,4029.0,0.0,68.0,830.0,719.0,0.0,3.0,280.0,72996
vss2sn-2018-12a,5735.0,873.0,40316.0,0.0,370.0,8051.0,6597.0,0.0,8.0,2255.0,759784
vss2sn-2018-12b,1328.0,167.0,9767.0,0.0,167.0,1999.0,1676.0,0.0,5.0,605.0,179500
vss2sn-2018-13a,421.0,68.0,3370.0,0.0,69.0,681.0,503.0,0.0,3.0,212.0,61624
vss2sn-2018-13b,649.0,110.0,5566.0,0.0,119.0,1085.0,831.0,0.0,3.0,312.0,92816
vss2sn-2018-14a,196.0,26.0,1398.0,0.0,37.0,298.0,256.0,0.0,1.0,127.0,32564
vss2sn-2018-14b,221.0,30.0,1582.0,0.0,39.0,343.0,297.0,0.0,1.0,133.0,33696
vss2sn-2018-15a,1916.0,252.0,14020.0,0.0,163.0,2974.0,2464.0,0.0,5.0,911.0,274252
vss2sn-2018-15b,1910.0,257.0,14077.0,0.0,165.0,2957.0,2459.0,0.0,5.0,900.0,273416
vss2sn-2018-16a,728.0,51.0,4939.0,0.0,29.0,1065.0,979.0,0.0,2.0,381.0,94616
vss2sn-2018-16b,1382.0,139.0,9699.0,0.0,82.0,2006.0,1821.0,0.0,4.0,660.0,180160
vss2sn-2018-17a,5546.0,869.0,38055.0,0.0,351.0,7644.0,6234.0,0.0,8.0,2125.0,733256
vss2sn-2018-17b,6015.0,940.0,41377.0,0.0,368.0,8383.0,6853.0,0.0,8.0,2321.0,798248
vss2sn-2018-18a,685.0,79.0,4742.0,0.0,64.0,939.0,869.0,0.0,4.0,350.0,90056
vss2sn-2018-18b,1023.0,122.0,7182.0,0.0,80.0,1473.0,1331.0,0.0,4.0,509.0,142332
vss2sn-2018-19a,1144.0,87.0,7740.0,0.0,39.0,1647.0,1522.0,0.0,3.0,557.0,162880
vss2sn-2018-20a,1287.0,153.0,9245.0,0.0,133.0,2013.0,1636.0,0.0,4.0,643.0,179680
vss2sn-2018-20b,1289.0,154.0,9254.0,0.0,133.0,2013.0,1638.0,0.0,4.0,643.0,179720
vss2sn-2018-21a,1148.0,88.0,7780.0,0.0,39.0,1652.0,1524.0,0.0,3.0,559.0,163352
vss2sn-2018-21b,1352.0,112.0,9226.0,0.0,43.0,1985.0,1804.0,0.0,3.0,660.0,194640
vss2sn-2018-22a,350.0,42.0,2289.0,0.0,54.0,466.0,394.0,0.0,3.0,172.0,45016
vss2sn-2018-24a,6778.0,1078.0,47945.0,0.0,495.0,9458.0,7673.0,0.0,8.0,2578.0,881360
vss2sn-2018-24b,7133.0,1122.0,50902.0,0.0,536.0,10077.0,8161.0,0.0,8.0,2694.0,923324
vss2sn-2018-25a,657.0,89.0,4576.0,0.0,50.0,992.0,828.0,0.0,4.0,349.0,94052
vss2sn-2019-01a,183.0,22.0,1234.0,0.0,22.0,251.0,221.0,0.0,1.0,117.0,29636
vss2sn-2019-01b,188.0,23.0,1256.0,0.0,23.0,256.0,226.0,0.0,1.0,118.0,29848
vss2sn-2019-02a,179.0,25.0,1143.0,0.0,29.0,244.0,193.0,0.0,1.0,109.0,28672
vss2sn-2019-02b,274.0,35.0,1889.0,0.0,36.0,393.0,340.0,0.0,2.0,151.0,40212
vss2sn-2019-03a,404.0,60.0,2436.0,0.0,42.0,490.0,434.0,0.0,1.0,188.0,51488
vss2sn-2019-03b,442.0,68.0,2702.0,0.0,46.0,528.0,466.0,0.0,1.0,199.0,55820
vss2sn-2019-04a,93.0,15.0,448.0,0.0,9.0,85.0,74.0,0.0,0.0,55.0,16568
vss2sn-2019-04b,98.0,17.0,464.0,0.0,10.0,88.0,78.0,0.0,0.0,55.0,16636
vss2sn-2019-05a,232.0,37.0,1533.0,0.0,42.0,334.0,269.0,0.0,1.0,122.0,32868
vss2sn-2019-05b,260.0,45.0,1649.0,0.0,50.0,366.0,279.0,0.0,1.0,122.0,33580
vss2sn-2019-06a,996.0,111.0,6985.0,0.0,26.0,1577.0,1313.0,0.0,3.0,495.0,182708
vss2sn-2019-06b,935.0,107.0,6441.0,0.0,24.0,1431.0,1214.0,0.0,3.0,465.0,168332
vss2sn-2019-07a,372.0,54.0,2922.0,0.0,61.0,603.0,487.0,0.0,3.0,191.0,52324
vss2sn-2019-07b,502.0,70.0,3912.0,0.0,78.0,822.0,665.0,0.0,3.0,256.0,69160
vss2sn-2019-08a,200.0,26.0,1433.0,0.0,32.0,281.0,246.0,0.0,2.0,129.0,33888
vss2sn-2019-10a,1001.0,135.0,7594.0,7.0,99.0,1617.0,1298.0,0.071,4.0,478.0,147204
vss2sn-2019-10b,1452.0,202.0,11182.0,7.0,161.0,2371.0,1904.0,0.043,5.0,647.0,204992
vss2sn-2019-12a,5358.0,844.0,36924.0,0.0,371.0,7332.0,5969.0,0.0,8.0,2056.0,705764
vss2sn-2019-12b,5525.0,869.0,38199.0,0.0,385.0,7581.0,6186.0,0.0,8.0,2135.0,712832
vss2sn-2019-14a,924.0,113.0,6191.0,0.0,47.0,1371.0,1169.0,0.0,3.0,429.0,151064
vss2sn-2019-14b,944.0,118.0,6265.0,0.0,54.0,1390.0,1184.0,0.0,3.0,429.0,151504
vss2sn-2019-15a,1826.0,225.0,12751.0,0.0,166.0,2800.0,2309.0,0.0,4.0,822.0,250028
vss2sn-2019-15b,1873.0,235.0,12991.0,0.0,171.0,2838.0,2346.0,0.0,4.0,828.0,253392
vss2sn-2019-16a,228.0,29.0,1759.0,0.0,39.0,377.0,328.0,0.0,1.0,142.0,36460
vss2sn-2019-16b,288.0,31.0,2301.0,0.0,38.0,466.0,426.0,0.0,2.0,179.0,46644
vss2sn-2019-18a,1450.0,187.0,11070.0,0.0,132.0,2298.0,1920.0,0.0,3.0,755.0,205392
vss2sn-2019-18b,2065.0,281.0,15485.0,0.0,171.0,3228.0,2702.0,0.0,5.0,1017.0,280704
vss2sn-2019-20a,2000.0,228.0,14137.0,0.0,111.0,3092.0,2564.0,0.0,4.0,900.0,293840
vss2sn-2019-20b,2718.0,316.0,19679.0,0.0,181.0,4345.0,3585.0,0.0,4.0,1279.0,409036
vss2sn-2019-22a,106.0,16.0,505.0,0.0,15.0,87.0,82.0,0.0,0.0,57.0,17320
vss2sn-2019-22b,134.0,26.0,1186.0,0.0,37.0,273.0,223.0,0.0,0.0,60.0,20652
vss2sn-2019-24a,851.0,108.0,5886.0,0.0,72.0,1230.0,1082.0,0.0,4.0,449.0,119408
vss2sn-2019-24b,1155.0,145.0,8882.0,0.0,193.0,1804.0,1623.0,0.0,4.0,538.0,151736
vss2sn-2019-25a,1054.0,122.0,7397.0,0.0,154.0,1567.0,1324.0,0.0,4.0,474.0,131556
vss2sn-2020-01a,269.0,36.0,1806.0,0.0,9.0,409.0,352.0,0.0,3.0,146.0,45044
vss2sn-2020-01b,276.0,50.0,2284.0,0.0,62.0,445.0,344.0,0.0,3.0,131.0,40348
vss2sn-2020-02a,104.0,7.0,635.0,0.0,3.0,122.0,118.0,0.0,2.0,83.0,23612
vss2sn-2020-02b,84.0,4.0,476.0,0.0,5.0,93.0,89.0,0.0,1.0,69.0,19324
vss2sn-2020-03a,129.0,17.0,832.0,0.0,15.0,187.0,152.0,0.0,0.0,81.0,23588
vss2sn-2020-03b,202.0,27.0,1385.0,0.0,18.0,281.0,259.0,0.0,1.0,107.0,32176
vss2sn-2020-04a,440.0,63.0,2842.0,0.0,17.0,576.0,522.0,0.0,3.0,218.0,72372
vss2sn-2020-04b,910.0,127.0,6001.0,0.0,34.0,1221.0,1118.0,0.0,3.0,394.0,139752
vss2sn-2020-06a,297.0,39.0,1985.0,0.0,12.0,419.0,358.0,0.0,3.0,166.0,50640
vss2sn-2020-06b,261.0,49.0,2030.0,0.0,37.0,332.0,263.0,0.0,3.0,118.0,41480
vss2sn-2020-07a,810.0,94.0,5473.0,0.0,37.0,1170.0,1003.0,0.0,3.0,408.0,136724
vss2sn-2020-07b,980.0,106.0,6841.0,0.0,53.0,1472.0,1266.0,0.0,3.0,498.0,167276
vss2sn-2020-08a,265.0,37.0,1797.0,0.0,41.0,380.0,317.0,0.0,2.0,148.0,40696
vss2sn-2020-08b,371.0,44.0,2789.0,0.0,64.0,538.0,499.0,0.0,3.0,188.0,52816
vss2sn-2020-09a,430.0,75.0,3485.0,0.0,97.0,687.0,502.0,0.0,4.0,191.0,55980
vss2sn-2020-09b,487.0,90.0,3829.0,0.0,107.0,758.0,542.0,0.0,5.0,200.0,59876
vss2sn-2020-10a,238.0,48.0,1999.0,0.0,59.0,392.0,291.0,0.0,3.0,113.0,35636
vss2sn-2020-10b,516.0,75.0,3925.0,0.0,59.0,824.0,673.0,0.0,5.0,250.0,76624
vss2sn-2020-11a,381.0,56.0,2476.0,0.0,41.0,553.0,451.0,0.0,3.0,187.0,49288
vss2sn-2020-11b,465.0,61.0,3143.0,0.0,45.0,680.0,590.0,0.0,3.0,236.0,60792
vss2sn-2020-12a,79.0,18.0,299.0,0.0,14.0,62.0,43.0,0.0,0.0,30.0,11352
vss2sn-2020-12b,73.0,16.0,331.0,0.0,21.0,76.0,54.0,0.0,0.0,30.0,11396
vss2sn-2020-13a,58.0,11.0,270.0,0.0,10.0,53.0,40.0,0.0,0.0,29.0,11088
vss2sn-2020-13b,265.0,30.0,1834.0,0.0,35.0,392.0,355.0,0.0,2.0,148.0,38940
vss2sn-2020-15a,361.0,41.0,2367.0,0.0,14.0,514.0,454.0,0.0,3.0,197.0,58492
vss2sn-2020-15b,361.0,41.0,2367.0,0.0,14.0,514.0,454.0,0.0,3.0,197.0,58492
vss2sn-2020-16a,5594.0,882.0,38655.0,0.0,381.0,7640.0,6269.0,0.0,8.0,2166.0,721892
vss2sn-2020-16b,6382.0,1003.0,44136.0,0.0,429.0,8802.0,7252.0,0.0,8.0,2501.0,847372
vss2sn-2020-17a,807.0,99.0,5588.0,0.0,72.0,1142.0,995.0,0.0,3.0,390.0,107432
vss2sn-2020-18a,418.0,68.0,2772.0,0.0,77.0,563.0,407.0,0.0,2.0,177.0,54124
vss2sn-2020-19a,6385.0,963.0,44291.0,0.0,392.0,8954.0,7398.0,0.0,8.0,2513.0,862128
vss2sn-2020-19b,1254.0,191.0,8627.0,0.0,75.0,1755.0,1490.0,0.0,3.0,604.0,178736
vss2sn-2020-20a,1630.0,171.0,11907.0,0.0,83.0,2553.0,2218.0,0.0,4.0,818.0,254480
vss2sn-2020-20b,1982.0,246.0,13756.0,1.0,163.0,2903.0,2456.0,0.006,4.0,842.0,265084
vss2sn-2020-21a,1458.0,217.0,9743.0,2.0,56.0,2128.0,1737.0,0.036,4.0,617.0,228696
vss2sn-2020-21b,1707.0,253.0,11848.0,2.0,97.0,2506.0,2046.0,0.021,5.0,724.0,266140
vss2sn-2020-22a,701.0,109.0,5798.0,0.0,142.0,1141.0,898.0,0.0,4.0,341.0,96356
vss2sn-2020-22b,1338.0,190.0,10544.0,0.0,175.0,2074.0,1758.0,0.0,5.0,618.0,178056
vss2sn-2020-23a,360.0,59.0,2519.0,0.0,55.0,507.0,416.0,0.0,2.0,167.0,48088
vss2sn-2020-23b,294.0,49.0,2132.0,0.0,40.0,423.0,347.0,0.0,2.0,138.0,41080
vss2sn-2020-24a,337.0,57.0,2368.0,0.0,27.0,453.0,395.0,0.0,1.0,168.0,52116
vss2sn-2020-24b,588.0,91.0,4097.0,0.0,41.0,806.0,718.0,0.0,2.0,290.0,82688
vss2sn-2020-25,149.0,30.0,870.0,0.0,15.0,136.0,112.0,0.0,1.0,58.0,22000
vss2sn-2021-01a,84.0,12.0,393.0,0.0,4.0,74.0,64.0,0.0,0.0,53.0,16012
vss2sn-2021-01b,264.0,33.0,1766.0,0.0,50.0,367.0,284.0,0.0,2.0,143.0,36056
vss2sn-2021-02a,100.0,14.0,447.0,0.0,10.0,76.0,69.0,0.0,0.0,56.0,16804
vss2sn-2021-02b,100.0,14.0,458.0,0.0,12.0,80.0,72.0,0.0,0.0,56.0,16856
vss2sn-2021-03a,170.0,19.0,1030.0,0.0,24.0,217.0,190.0,0.0,0.0,103.0,26392
vss2sn-2021-03b,525.0,65.0,4189.0,0.0,89.0,871.0,745.0,0.0,4.0,288.0,72980
vss2sn-2021-04a,568.0,77.0,4235.0,0.0,86.0,862.0,753.0,0.0,3.0,302.0,78244
vss2sn-2021-04b,798.0,113.0,5830.0,0.0,92.0,1230.0,1059.0,0.0,4.0,409.0,111940
vss2sn-2021-05a,464.0,59.0,3114.0,0.0,40.0,714.0,566.0,0.0,4.0,262.0,72724
vss2sn-2021-05b,461.0,57.0,3133.0,0.0,46.0,722.0,568.0,0.0,4.0,262.0,72828
vss2sn-2021-06a,197.0,27.0,1228.0,0.0,25.0,258.0,220.0,0.0,1.0,119.0,30456
vss2sn-2021-06b,372.0,37.0,2444.0,0.0,20.0,541.0,477.0,0.0,3.0,208.0,59788
vss2sn-2021-07a,320.0,53.0,2482.0,0.0,75.0,478.0,374.0,0.0,3.0,163.0,47368
vss2sn-2021-07b,186.0,23.0,1203.0,0.0,32.0,259.0,217.0,0.0,1.0,118.0,30080
vss2sn-2021-08a,415.0,65.0,3152.0,0.0,62.0,632.0,506.0,0.0,4.0,221.0,66980
vss2sn-2021-08b,1652.0,223.0,11604.0,2.0,89.0,2517.0,2091.0,0.022,6.0,721.0,249144
vss2sn-2021-09a,386.0,44.0,3176.0,0.0,51.0,695.0,560.0,0.0,4.0,232.0,58876
vss2sn-2021-09b,1152.0,150.0,9264.0,0.0,169.0,1985.0,1591.0,0.0,5.0,591.0,160696
vss2sn-2021-10a,273.0,40.0,1786.0,0.0,43.0,367.0,282.0,0.0,2.0,140.0,35428
vss2sn-2021-10b,493.0,84.0,3695.0,0.0,92.0,731.0,560.0,0.0,4.0,233.0,63068
vss2sn-2021-11a,570.0,65.0,4394.0,0.0,93.0,909.0,807.0,0.0,4.0,332.0,81304
vss2sn-2021-11b,574.0,65.0,4410.0,0.0,94.0,911.0,810.0,0.0,4.0,332.0,81408
vss2sn-2021-12a,736.0,101.0,5022.0,0.0,30.0,1140.0,928.0,0.0,3.0,374.0,126196
vss2sn-2021-12b,709.0,88.0,4883.0,0.0,31.0,1098.0,907.0,0.0,3.0,370.0,123024
vss2sn-2021-13a,440.0,56.0,2892.0,0.0,31.0,646.0,539.0,0.0,3.0,239.0,66676
vss2sn-2021-13b,509.0,72.0,3259.0,0.0,33.0,734.0,605.0,0.0,3.0,250.0,71448
vss2sn-2021-15a,741.0,93.0,5539.0,0.0,80.0,1222.0,1021.0,0.0,4.0,424.0,112580
vss2sn-2021-15b,873.0,106.0,6602.0,0.0,99.0,1449.0,1227.0,0.0,4.0,481.0,129768
vss2sn-2021-16a,662.0,73.0,4574.0,0.0,39.0,982.0,888.0,0.0,3.0,329.0,100372
vss2sn-2021-16b,729.0,88.0,5087.0,0.0,40.0,1088.0,954.0,0.0,3.0,352.0,107780
vss2sn-2021-17a,5736.0,883.0,39670.0,0.0,431.0,7997.0,6520.0,0.0,8.0,2249.0,745188
vss2sn-2021-17b,5727.0,880.0,39629.0,0.0,428.0,7982.0,6514.0,0.0,8.0,2250.0,745092
vss2sn-2021-19a,1510.0,189.0,12085.0,0.0,211.0,2758.0,2038.0,0.0,4.0,782.0,220048
vss2sn-2021-19b,1415.0,172.0,11356.0,0.0,209.0,2631.0,1920.0,0.0,4.0,760.0,209708
vss2sn-2021-20a,672.0,74.0,5104.0,0.0,87.0,1040.0,955.0,0.0,4.0,348.0,88344
vss2sn-2021-20b,672.0,74.0,5104.0,0.0,87.0,1040.0,955.0,0.0,4.0,348.0,88360
vss2sn-2021-21a,68.0,8.0,335.0,0.0,16.0,63.0,59.0,0.0,0.0,43.0,13532
vss2sn-2021-21b,611.0,67.0,4463.0,0.0,37.0,1063.0,873.0,0.0,3.0,328.0,102052
vss2sn-2021-22a,5494.0,863.0,37581.0,0.0,349.0,7517.0,6133.0,0.0,8.0,2101.0,711088
vss2sn-2021-22b,5341.0,835.0,36845.0,0.0,367.0,7329.0,5961.0,0.0,8.0,2050.0,688840
vss2sn-2021-23a,1568.0,201.0,11395.0,0.0,119.0,2556.0,2122.0,0.0,4.0,772.0,244412
vss2sn-2021-23b,1606.0,204.0,11864.0,0.0,126.0,2649.0,2208.0,0.0,4.0,791.0,251852
vss2sn-2021-24a,543.0,70.0,3801.0,0.0,96.0,823.0,644.0,0.0,3.0,289.0,71308
vss2sn-2021-24b,543.0,70.0,3801.0,0.0,96.0,823.0,644.0,0.0,3.0,289.0,71320
vss2sn-2021-25a,475.0,55.0,3912.0,0.0,50.0,843.0,681.0,0.0,4.0,269.0,69464
vss2sn-2022-01a,89.0,13.0,412.0,0.0,4.0,80.0,68.0,0.0,0.0,55.0,16364
vss2sn-2022-01b,317.0,54.0,2467.0,0.0,52.0,488.0,396.0,0.0,3.0,165.0,47600
vss2sn-2022-02a,62.0,7.0,289.0,0.0,11.0,50.0,44.0,0.0,0.0,44.0,13396
vss2sn-2022-02b,65.0,7.0,299.0,0.0,18.0,50.0,43.0,0.0,0.0,44.0,13448
vss2sn-2022-03a,63.0,7.0,325.0,0.0,21.0,57.0,49.0,0.0,1.0,46.0,13784
vss2sn-2022-03b,241.0,44.0,1894.0,0.0,43.0,332.0,259.0,0.0,3.0,113.0,38424
vss2sn-2022-04a,137.0,15.0,759.0,0.0,6.0,153.0,134.0,0.0,0.0,90.0,24624
vss2sn-2022-04b,137.0,15.0,759.0,0.0,6.0,153.0,134.0,0.0,0.0,90.0,24624
vss2sn-2022-05a,5432.0,840.0,37422.0,0.0,388.0,7427.0,6049.0,0.0,8.0,2087.0,696824
vss2sn-2022-05b,5444.0,842.0,37576.0,0.0,391.0,7462.0,6075.0,0.0,8.0,2090.0,698328
vss2sn-2022-06a,74.0,10.0,378.0,0.0,21.0,70.0,55.0,0.0,1.0,47.0,14316
vss2sn-2022-06b,74.0,10.0,378.0,0.0,21.0,70.0,55.0,0.0,1.0,47.0,14316
vss2sn-2022-07a,526.0,63.0,3219.0,0.0,50.0,664.0,572.0,0.0,2.0,285.0,73412
vss2sn-2022-07b,530.0,66.0,3242.0,0.0,50.0,671.0,578.0,0.0,2.0,279.0,72620
vss2sn-2022-08a,512.0,59.0,4146.0,0.0,106.0,850.0,749.0,0.0,4.0,299.0,74832
vss2sn-2022-08b,459.0,51.0,3494.0,0.0,47.0,724.0,663.0,0.0,4.0,256.0,64488
vss2sn-2022-09a,335.0,48.0,2105.0,0.0,29.0,463.0,385.0,0.0,3.0,184.0,53060
vss2sn-2022-09b,363.0,53.0,2321.0,0.0,36.0,524.0,416.0,0.0,3.0,196.0,56136
vss2sn-2022-10a,104.0,14.0,484.0,0.0,12.0,86.0,77.0,0.0,0.0,63.0,18040
vss2sn-2022-10b,130.0,20.0,670.0,0.0,18.0,130.0,109.0,0.0,1.0,76.0,21228
vss2sn-2022-11a,1072.0,121.0,8418.0,0.0,139.0,1746.0,1496.0,0.0,6.0,562.0,155908
vss2sn-2022-11b,1189.0,125.0,9627.0,0.0,143.0,2044.0,1782.0,0.0,6.0,643.0,182132
vss2sn-2022-12a,644.0,71.0,4894.0,0.0,106.0,986.0,851.0,0.0,4.0,343.0,89692
vss2sn-2022-12b,644.0,70.0,4867.0,0.0,104.0,981.0,847.0,0.0,4.0,343.0,89524
vss2sn-2022-13a,118.0,28.0,563.0,0.0,22.0,124.0,74.0,0.0,0.0,50.0,15788
vss2sn-2022-13b,485.0,88.0,3469.0,0.0,68.0,651.0,514.0,0.0,3.0,198.0,65824
vss2sn-2022-14a,484.0,68.0,3213.0,0.0,38.0,722.0,589.0,0.0,3.0,243.0,70748
vss2sn-2022-14b,486.0,69.0,3220.0,0.0,38.0,723.0,591.0,0.0,3.0,243.0,70804
vss2sn-2022-15a,5597.0,874.0,38602.0,0.0,378.0,7750.0,6324.0,0.0,8.0,2180.0,727852
vss2sn-2022-15b,5452.0,860.0,37994.0,0.0,410.0,7506.0,6115.0,0.0,8.0,2101.0,707688
vss2sn-2022-16a,6676.0,994.0,46239.0,0.0,417.0,9413.0,7757.0,0.0,8.0,2603.0,912700
vss2sn-2022-16b,7061.0,1066.0,48978.0,0.0,420.0,10084.0,8256.0,0.0,8.0,2746.0,983528
vss2sn-2022-17a,561.0,64.0,3820.0,0.0,53.0,749.0,677.0,0.0,4.0,269.0,71628
vss2sn-2022-17b,901.0,102.0,6284.0,0.0,85.0,1337.0,1173.0,0.0,4.0,450.0,123868
vss2sn-2022-18a,356.0,41.0,2445.0,0.0,29.0,557.0,465.0,0.0,3.0,210.0,61780
vss2sn-2022-18b,1242.0,169.0,8618.0,0.0,103.0,1952.0,1563.0,0.0,4.0,569.0,177712
vss2sn-2022-20a,318.0,51.0,2292.0,0.0,52.0,492.0,390.0,0.0,3.0,154.0,42588
vss2sn-2022-20b,371.0,56.0,2617.0,0.0,60.0,559.0,452.0,0.0,3.0,186.0,48760
vss2sn-2022-21a,458.0,58.0,2968.0,0.0,32.0,675.0,541.0,0.0,3.0,249.0,72648
vss2sn-2022-21b,556.0,81.0,3600.0,0.0,39.0,822.0,637.0,0.0,3.0,269.0,80948
vss2sn-2022-22a,362.0,66.0,2325.0,0.0,61.0,513.0,384.0,0.0,2.0,176.0,47528
vss2sn-2022-23a,926.0,128.0,6467.0,0.0,79.0,1439.0,1176.0,0.0,4.0,465.0,135644
vss2sn-2022-23b,911.0,127.0,6438.0,0.0,77.0,1436.0,1173.0,0.0,4.0,463.0,134668
vss2sn-2022-24a,1017.0,126.0,6957.0,0.0,129.0,1524.0,1226.0,0.0,4.0,482.0,135300
vss2sn-2022-24b,1031.0,126.0,7059.0,0.0,133.0,1545.0,1237.0,0.0,4.0,487.0,136888
vss2sn-2022-25a,385.0,53.0,2502.0,0.0,65.0,532.0,441.0,0.0,2.0,210.0,53556
vss2sn-2023-01a,159.0,20.0,1030.0,0.0,22.0,214.0,182.0,0.0,1.0,105.0,26812
vss2sn-2023-01b,295.0,37.0,1824.0,0.0,33.0,345.0,327.0,0.0,2.0,157.0,41932
vss2sn-2023-03a,360.0,57.0,2453.0,0.0,55.0,544.0,435.0,0.0,2.0,201.0,51352
vss2sn-2023-04a,248.0,36.0,1546.0,2.0,34.0,301.0,260.0,0.059,2.0,133.0,35468
vss2sn-2023-04b,408.0,50.0,2937.0,0.0,52.0,607.0,516.0,0.0,2.0,224.0,57608
vss2sn-2023-05a,624.0,75.0,4321.0,0.0,67.0,854.0,763.0,0.0,3.0,326.0,83792
vss2sn-2023-06a,190.0,26.0,1232.0,7.0,38.0,267.0,210.0,0.184,3.0,116.0,30024
vss2sn-2023-06b,96.0,12.0,505.0,7.0,21.0,103.0,78.0,0.333,2.0,62.0,17984
vss2sn-2023-09a,344.0,50.0,2462.0,0.0,49.0,528.0,423.0,0.0,2.0,191.0,49116
vss2sn-2023-09b,356.0,52.0,2566.0,0.0,49.0,548.0,439.0,0.0,2.0,197.0,50916
vss2sn-2023-11a,451.0,64.0,3265.0,0.0,60.0,678.0,552.0,0.0,2.0,237.0,63136
vss2sn-2023-11b,451.0,64.0,3270.0,0.0,62.0,678.0,552.0,0.0,2.0,237.0,63152
vss2sn-2023-13a,453.0,54.0,3124.0,0.0,72.0,665.0,571.0,0.0,3.0,241.0,65528
vss2sn-2023-13b,716.0,91.0,5156.0,0.0,111.0,1099.0,932.0,0.0,4.0,368.0,97228
vss2sn-2023-14a,193.0,28.0,1108.0,0.0,22.0,241.0,187.0,0.0,0.0,105.0,29340
vss2sn-2023-14b,430.0,70.0,2710.0,0.0,61.0,615.0,457.0,0.0,2.0,192.0,55952
vss2sn-2023-15a,172.0,20.0,1128.0,0.0,21.0,244.0,207.0,0.0,0.0,113.0,31332
vss2sn-2023-16a,990.0,130.0,6702.0,0.0,86.0,1432.0,1171.0,0.0,4.0,478.0,130680
vss2sn-2023-16b,1006.0,132.0,6798.0,0.0,88.0,1461.0,1187.0,0.0,4.0,481.0,131884
vss2sn-2023-17a,729.0,96.0,5435.0,0.0,87.0,1177.0,995.0,0.0,4.0,415.0,110444
vss2sn-2023-17b,741.0,100.0,5504.0,0.0,91.0,1191.0,1007.0,0.0,4.0,415.0,110840
vss2sn-2023-18b,894.0,133.0,6936.0,0.0,117.0,1459.0,1158.0,0.0,5.0,469.0,134676
